1	0.00	211.96	1.00
1	211.96	0.00	15.00
1	211.96	577.92	1.00
1	789.88	0.03	7.00
1	789.90	0.79	1.00
1	790.69	0.02	5.00
1	790.70	0.75	1.00
1	791.46	0.00	5.00
1	791.46	0.75	1.00
1	792.21	0.00	5.00
1	792.21	0.76	1.00
1	792.97	0.00	5.00
1	792.98	0.75	1.00
1	793.73	0.00	5.00
1	793.73	0.75	1.00
1	794.48	0.00	5.00
1	794.48	0.75	1.00
1	795.23	0.00	5.00
1	795.23	0.75	1.00
1	795.98	0.00	5.00
1	795.98	0.77	1.00
1	796.75	0.00	5.00
1	796.75	0.76	1.00
1	797.51	0.00	5.00
1	797.51	0.75	1.00
1	798.26	0.00	5.00
1	798.26	0.75	1.00
1	799.01	0.00	5.00
1	799.01	0.75	1.00
1	799.76	0.00	5.00
1	799.76	0.77	1.00
1	800.53	0.00	5.00
1	800.53	0.75	1.00
1	801.28	0.01	5.00
1	801.29	0.75	1.00
1	802.04	0.00	5.00
1	802.04	0.75	1.00
1	802.79	0.00	5.00
1	802.79	0.76	1.00
1	803.55	0.00	5.00
1	803.55	0.76	1.00
1	804.30	0.00	5.00
1	804.30	0.75	1.00
1	805.06	0.00	5.00
1	805.06	0.75	1.00
1	805.81	0.00	5.00
1	805.81	0.75	1.00
1	806.56	0.00	5.00
1	806.56	0.75	1.00
1	807.31	0.00	5.00
1	807.31	0.75	1.00
1	808.07	0.00	5.00
1	808.07	0.77	1.00
1	808.84	0.00	5.00
1	808.84	0.75	1.00
1	809.59	0.00	5.00
1	809.59	0.75	1.00
1	810.35	0.00	5.00
1	810.35	0.75	1.00
1	811.10	0.00	5.00
1	811.10	0.75	1.00
1	811.85	0.00	5.00
1	811.85	0.76	1.00
1	812.62	0.00	5.00
1	812.62	0.76	1.00
1	813.37	0.00	5.00
1	813.37	0.75	1.00
1	814.13	0.00	5.00
1	814.13	0.75	1.00
1	814.88	0.00	5.00
1	814.88	0.76	1.00
1	815.63	0.00	5.00
1	815.63	0.77	1.00
1	816.40	0.00	5.00
1	816.40	0.75	1.00
1	817.15	0.00	5.00
1	817.15	0.75	1.00
1	817.90	0.00	5.00
1	817.90	0.75	1.00
1	818.65	0.00	5.00
1	818.65	0.75	1.00
1	819.40	0.00	5.00
1	819.41	0.75	1.00
1	820.15	0.00	5.00
1	820.16	0.77	1.00
1	820.93	0.00	5.00
1	820.93	0.75	1.00
1	821.68	0.00	5.00
1	821.68	0.75	1.00
1	822.43	0.00	5.00
1	822.43	0.75	1.00
1	823.18	0.00	5.00
1	823.18	0.75	1.00
1	823.94	0.00	5.00
1	823.94	0.76	1.00
1	824.70	0.00	5.00
1	824.70	0.75	1.00
1	825.45	0.00	5.00
1	825.45	0.75	1.00
1	826.20	0.00	5.00
1	826.20	0.75	1.00
1	826.96	0.00	5.00
1	826.96	0.75	1.00
1	827.71	0.00	5.00
1	827.71	0.77	1.00
1	828.47	0.00	5.00
1	828.47	0.76	1.00
1	829.23	0.00	5.00
1	829.23	0.75	1.00
1	829.98	0.00	5.00
1	829.98	0.75	1.00
1	830.74	0.00	5.00
1	830.74	0.75	1.00
1	831.49	0.00	5.00
1	831.49	0.76	1.00
1	832.26	0.00	5.00
1	832.26	0.75	1.00
1	833.01	0.00	5.00
1	833.01	0.75	1.00
1	833.76	0.00	5.00
1	833.76	0.75	1.00
1	834.51	0.00	5.00
1	834.52	0.75	1.00
1	835.27	0.00	5.00
1	835.27	0.75	1.00
1	836.02	0.00	5.00
1	836.02	0.76	1.00
1	836.78	0.00	5.00
1	836.78	0.75	1.00
1	837.54	0.00	5.00
1	837.54	0.75	1.00
1	838.29	0.00	5.00
1	838.29	0.75	1.00
1	839.04	0.00	5.00
1	839.04	0.76	1.00
1	839.80	0.00	5.00
1	839.80	0.77	1.00
1	840.57	0.00	5.00
1	840.57	0.75	1.00
1	841.32	0.00	5.00
1	841.32	0.75	1.00
1	842.07	0.00	5.00
1	842.07	0.75	1.00
1	842.82	0.01	5.00
1	842.83	0.75	1.00
1	843.58	0.00	5.00
1	843.58	0.77	1.00
1	844.35	0.00	5.00
1	844.36	0.75	1.00
1	845.11	0.00	5.00
1	845.11	0.75	1.00
1	845.86	0.00	5.00
1	845.86	0.75	1.00
1	846.62	0.00	5.00
1	846.62	0.75	1.00
1	847.37	0.00	5.00
1	847.37	0.75	1.00
1	848.12	0.00	5.00
1	848.12	0.77	1.00
1	848.89	0.00	5.00
1	848.89	0.76	1.00
1	849.65	0.00	5.00
1	849.65	0.76	1.00
1	850.40	0.00	5.00
1	850.40	0.75	1.00
1	851.15	0.00	5.00
1	851.15	0.75	1.00
1	851.91	0.00	5.00
1	851.91	0.76	1.00
1	852.67	0.00	5.00
1	852.67	0.75	1.00
1	853.42	0.00	5.00
1	853.42	0.75	1.00
1	854.17	0.00	5.00
1	854.17	0.75	1.00
1	854.92	0.00	5.00
1	854.92	0.76	1.00
1	855.68	0.00	5.00
1	855.68	0.78	1.00
1	856.46	0.01	5.00
1	856.46	0.75	1.00
1	857.22	0.00	5.00
1	857.22	0.75	1.00
1	857.97	0.00	5.00
1	857.97	0.75	1.00
1	858.72	0.00	5.00
1	858.72	0.75	1.00
1	859.47	0.00	5.00
1	859.47	0.75	1.00
1	860.23	0.00	5.00
1	860.23	0.76	1.00
1	860.99	0.00	5.00
1	860.99	0.75	1.00
1	861.74	0.00	5.00
1	861.74	0.75	1.00
1	862.49	0.00	5.00
1	862.49	0.75	1.00
1	863.25	0.00	5.00
1	863.25	0.75	1.00
1	864.00	0.00	5.00
1	864.00	0.76	1.00
1	864.76	0.00	5.00
1	864.76	0.75	1.00
1	865.51	0.00	5.00
1	865.51	0.75	1.00
1	866.27	0.00	5.00
1	866.27	0.75	1.00
1	867.02	0.00	5.00
1	867.02	0.75	1.00
1	867.77	0.00	5.00
1	867.77	0.77	1.00
1	868.54	0.00	5.00
1	868.54	0.75	1.00
1	869.29	0.00	5.00
1	869.30	0.75	1.00
1	870.05	0.00	5.00
1	870.05	0.76	1.00
1	870.81	0.00	5.00
1	870.81	0.75	1.00
1	871.57	0.00	5.00
1	871.57	0.76	1.00
1	872.33	0.00	5.00
1	872.33	0.75	1.00
1	873.08	0.00	5.00
1	873.08	0.75	1.00
1	873.83	0.00	5.00
1	873.83	0.75	1.00
1	874.58	0.00	5.00
1	874.58	0.75	1.00
1	875.34	0.00	5.00
1	875.34	0.76	1.00
1	876.09	0.00	5.00
1	876.09	0.77	1.00
1	876.86	0.00	5.00
1	876.86	0.75	1.00
1	877.61	0.00	5.00
1	877.61	0.75	1.00
1	878.37	0.00	5.00
1	878.37	0.75	1.00
1	879.12	0.00	5.00
1	879.12	0.75	1.00
1	879.87	0.00	5.00
1	879.87	0.77	1.00
1	880.64	0.00	5.00
1	880.64	0.76	1.00
1	881.39	0.00	5.00
1	881.39	0.75	1.00
1	882.15	0.00	5.00
1	882.15	0.75	1.00
1	882.90	0.00	5.00
1	882.90	0.75	1.00
1	883.65	0.00	5.00
1	883.65	0.77	1.00
1	884.42	0.00	5.00
1	884.42	0.75	1.00
1	885.17	0.00	5.00
1	885.17	0.75	1.00
1	885.93	0.00	5.00
1	885.93	0.75	1.00
1	886.68	0.00	5.00
1	886.68	0.75	1.00
1	887.43	0.00	5.00
1	887.43	0.75	1.00
1	888.18	0.00	5.00
1	888.18	0.76	1.00
1	888.95	0.00	5.00
1	888.95	0.75	1.00
1	889.70	0.00	5.00
1	889.70	0.75	1.00
1	890.45	0.00	5.00
1	890.45	0.75	1.00
1	891.21	0.00	5.00
1	891.21	0.75	1.00
1	891.96	0.00	5.00
1	891.96	0.77	1.00
1	892.72	0.00	5.00
1	892.72	0.75	1.00
1	893.48	0.00	5.00
1	893.48	0.75	1.00
1	894.23	0.00	5.00
1	894.23	0.75	1.00
1	894.98	0.00	5.00
1	894.98	0.75	1.00
1	895.73	0.00	5.00
1	895.73	0.77	1.00
1	896.50	0.00	5.00
1	896.50	0.75	1.00
1	897.25	0.00	5.00
1	897.25	0.75	1.00
1	898.00	0.01	5.00
1	898.01	0.75	1.00
1	898.76	0.00	5.00
1	898.76	0.75	1.00
1	899.51	0.00	5.00
1	899.51	0.76	1.00
1	900.27	0.00	5.00
1	900.27	0.75	1.00
1	901.02	0.00	5.00
1	901.02	0.75	1.00
1	901.77	0.00	5.00
1	901.77	0.75	1.00
1	902.52	0.00	5.00
1	902.53	0.75	1.00
1	903.27	0.00	5.00
1	903.27	0.75	1.00
1	904.02	0.00	5.00
1	904.02	0.77	1.00
1	904.80	0.00	5.00
1	904.80	0.75	1.00
1	905.55	0.00	5.00
1	905.55	0.75	1.00
1	906.30	0.00	5.00
1	906.31	0.75	1.00
1	907.06	0.00	5.00
1	907.06	0.75	1.00
1	907.81	0.00	5.00
1	907.81	0.77	1.00
1	908.57	0.00	5.00
1	908.57	0.75	1.00
1	909.32	0.00	5.00
1	909.32	0.75	1.00
1	910.08	0.00	5.00
1	910.08	0.75	1.00
1	910.82	0.00	5.00
1	910.82	0.75	1.00
1	911.57	0.00	5.00
1	911.57	0.77	1.00
1	912.35	0.00	5.00
1	912.35	0.75	1.00
1	913.10	0.00	5.00
1	913.10	0.75	1.00
1	913.85	0.00	5.00
1	913.85	0.75	1.00
1	914.60	0.00	5.00
1	914.60	0.75	1.00
1	915.36	0.00	5.00
1	915.36	0.75	1.00
1	916.11	0.00	5.00
1	916.11	0.77	1.00
1	916.87	0.00	5.00
1	916.88	0.75	1.00
1	917.63	0.00	5.00
1	917.63	0.75	1.00
1	918.38	0.00	5.00
1	918.38	0.75	1.00
1	919.13	0.00	5.00
1	919.13	0.75	1.00
1	919.88	0.00	5.00
1	919.88	0.76	1.00
1	920.64	0.00	5.00
1	920.64	0.75	1.00
1	921.40	0.00	5.00
1	921.40	0.75	1.00
1	922.15	0.00	5.00
1	922.15	0.75	1.00
1	922.90	0.00	5.00
1	922.90	0.75	1.00
1	923.65	0.00	5.00
1	923.65	0.76	1.00
1	924.42	0.00	5.00
1	924.42	0.75	1.00
1	925.17	0.00	5.00
1	925.17	0.76	1.00
1	925.93	0.00	5.00
1	925.93	0.75	1.00
1	926.68	0.00	5.00
1	926.68	0.75	1.00
1	927.44	0.00	5.00
1	927.44	0.75	1.00
1	928.19	0.00	5.00
1	928.19	0.77	1.00
1	928.96	0.00	5.00
1	928.96	0.75	1.00
1	929.71	0.00	5.00
1	929.71	0.75	1.00
1	930.46	0.00	5.00
1	930.46	0.75	1.00
1	931.21	0.00	5.00
1	931.21	0.75	1.00
1	931.96	0.00	5.00
1	931.96	0.76	1.00
1	932.72	0.00	5.00
1	932.72	0.75	1.00
1	933.48	0.00	5.00
1	933.48	0.75	1.00
1	934.23	0.00	5.00
1	934.23	0.75	1.00
1	934.98	0.00	5.00
1	934.98	0.75	1.00
1	935.73	0.00	5.00
1	935.73	0.76	1.00
1	936.49	0.00	5.00
1	936.49	0.75	1.00
1	937.24	0.00	5.00
1	937.24	0.76	1.00
1	938.00	0.00	5.00
1	938.00	0.75	1.00
1	938.75	0.00	5.00
1	938.75	0.75	1.00
1	939.50	0.01	5.00
1	939.51	0.77	1.00
1	940.28	0.00	5.00
1	940.28	0.75	1.00
1	941.03	0.00	5.00
1	941.03	0.75	1.00
1	941.78	0.00	5.00
1	941.78	0.75	1.00
1	942.53	0.00	5.00
1	942.53	0.75	1.00
1	943.28	0.00	5.00
1	943.28	0.75	1.00
1	944.03	0.00	5.00
1	944.03	0.76	1.00
1	944.79	0.00	5.00
1	944.79	0.75	1.00
1	945.54	0.00	5.00
1	945.54	0.75	1.00
1	946.30	0.00	5.00
1	946.30	0.75	1.00
1	947.04	0.00	5.00
1	947.04	0.77	1.00
1	947.81	0.00	5.00
1	947.81	0.77	1.00
1	948.58	0.00	5.00
1	948.58	0.75	1.00
1	949.33	0.00	5.00
1	949.33	0.75	1.00
1	950.08	0.00	5.00
1	950.08	0.75	1.00
1	950.83	0.00	5.00
1	950.83	0.75	1.00
1	951.58	0.00	5.00
1	951.58	0.77	1.00
1	952.35	0.00	5.00
1	952.35	0.75	1.00
1	953.10	0.01	5.00
1	953.10	0.75	1.00
1	953.86	0.00	5.00
1	953.86	0.75	1.00
1	954.61	0.00	5.00
1	954.61	0.75	1.00
1	955.36	0.00	5.00
1	955.36	0.75	1.00
1	956.11	0.00	5.00
1	956.11	0.76	1.00
1	956.88	0.00	5.00
1	956.88	0.75	1.00
1	957.63	0.00	5.00
1	957.63	0.75	1.00
1	958.38	0.00	5.00
1	958.38	0.75	1.00
1	959.13	0.00	5.00
1	959.13	0.75	1.00
1	959.89	0.00	5.00
1	959.89	0.76	1.00
1	960.65	0.00	5.00
1	960.65	0.75	1.00
1	961.40	0.00	5.00
1	961.40	0.75	1.00
1	962.15	0.00	5.00
1	962.15	0.75	1.00
1	962.91	0.00	5.00
1	962.91	0.75	1.00
1	963.66	0.00	5.00
1	963.66	0.77	1.00
1	964.43	0.00	5.00
1	964.43	0.75	1.00
1	965.18	0.00	5.00
1	965.18	0.75	1.00
1	965.93	0.00	5.00
1	965.93	0.75	1.00
1	966.68	0.00	5.00
1	966.68	0.76	1.00
1	967.44	0.00	5.00
1	967.44	0.75	1.00
1	968.19	0.00	5.00
1	968.19	0.76	1.00
1	968.95	0.00	5.00
1	968.95	0.75	1.00
1	969.70	0.00	5.00
1	969.70	0.75	1.00
1	970.45	0.00	5.00
1	970.45	0.75	1.00
1	971.20	0.00	5.00
1	971.20	0.75	1.00
1	971.95	0.00	5.00
1	971.95	0.77	1.00
1	972.72	0.00	5.00
1	972.72	0.75	1.00
1	973.47	0.00	5.00
1	973.47	0.75	1.00
1	974.22	0.00	5.00
1	974.22	0.75	1.00
1	974.98	0.00	5.00
1	974.98	0.75	1.00
1	975.73	0.00	5.00
1	975.73	0.79	1.00
1	976.52	0.00	5.00
1	976.52	0.75	1.00
1	977.27	0.00	5.00
1	977.27	0.75	1.00
1	978.02	0.00	5.00
1	978.03	0.75	1.00
1	978.77	0.00	5.00
1	978.77	0.75	1.00
1	979.52	0.00	5.00
1	979.52	0.76	1.00
1	980.28	0.00	5.00
1	980.29	0.76	1.00
1	981.04	0.00	5.00
1	981.04	0.75	1.00
1	981.80	0.00	5.00
1	981.80	0.75	1.00
1	982.55	0.00	5.00
1	982.55	0.75	1.00
1	983.30	0.00	5.00
1	983.30	0.01	1.00
1	983.31	0.01	7.00
1	983.32	0.01	1.00
1	983.33	0.01	7.00
1	983.34	0.57	1.00
1	983.91	0.00	5.00
1	983.91	0.57	1.00
1	984.47	0.00	5.00
1	984.48	0.56	1.00
1	985.04	0.00	5.00
1	985.04	0.56	1.00
1	985.59	0.00	5.00
1	985.59	0.56	1.00
1	986.15	0.00	5.00
1	986.15	0.56	1.00
1	986.71	0.00	5.00
1	986.71	0.56	1.00
1	987.27	0.00	5.00
1	987.27	0.56	1.00
1	987.83	0.00	5.00
1	987.83	0.58	1.00
1	988.41	0.00	5.00
1	988.41	0.56	1.00
1	988.97	0.00	5.00
1	988.97	0.56	1.00
1	989.53	0.00	5.00
1	989.53	0.56	1.00
1	990.08	0.00	5.00
1	990.09	0.56	1.00
1	990.64	0.00	5.00
1	990.65	0.55	1.00
1	991.20	0.00	5.00
1	991.20	0.56	1.00
1	991.76	0.00	5.00
1	991.76	0.56	1.00
1	992.32	0.00	5.00
1	992.32	0.56	1.00
1	992.88	0.00	5.00
1	992.88	0.56	1.00
1	993.44	0.00	5.00
1	993.44	0.56	1.00
1	994.00	0.00	5.00
1	994.00	0.56	1.00
1	994.55	0.00	5.00
1	994.55	0.55	1.00
1	995.11	0.00	5.00
1	995.11	0.56	1.00
1	995.66	0.00	5.00
1	995.66	0.56	1.00
1	996.22	0.00	5.00
1	996.22	0.57	1.00
1	996.79	0.00	5.00
1	996.79	0.55	1.00
1	997.34	0.00	5.00
1	997.34	0.55	1.00
1	997.90	0.00	5.00
1	997.90	0.56	1.00
1	998.46	0.00	5.00
1	998.46	0.55	1.00
1	999.01	0.00	5.00
1	999.01	0.55	1.00
1	999.56	0.00	5.00
1	999.57	0.55	1.00
1	1000.12	0.00	5.00
1	1000.12	0.57	1.00
1	1000.69	0.00	5.00
1	1000.70	0.56	1.00
1	1001.26	0.00	5.00
1	1001.26	0.55	1.00
1	1001.81	0.00	5.00
1	1001.81	0.55	1.00
1	1002.36	0.00	5.00
1	1002.36	0.56	1.00
1	1002.92	0.00	5.00
1	1002.92	0.55	1.00
1	1003.47	0.00	5.00
1	1003.47	0.56	1.00
1	1004.03	0.00	5.00
1	1004.03	0.57	1.00
1	1004.60	0.00	5.00
1	1004.60	0.56	1.00
1	1005.16	0.00	5.00
1	1005.16	0.56	1.00
1	1005.72	0.00	5.00
1	1005.72	0.56	1.00
1	1006.27	0.00	5.00
1	1006.27	0.56	1.00
1	1006.83	0.00	5.00
1	1006.83	0.56	1.00
1	1007.39	0.00	5.00
1	1007.39	0.58	1.00
1	1007.97	0.00	5.00
1	1007.97	0.56	1.00
1	1008.54	0.00	5.00
1	1008.54	0.56	1.00
1	1009.10	0.00	5.00
1	1009.10	0.56	1.00
1	1009.66	0.00	5.00
1	1009.66	0.56	1.00
1	1010.21	0.00	5.00
1	1010.21	0.56	1.00
1	1010.77	0.00	5.00
1	1010.77	0.56	1.00
1	1011.33	0.00	5.00
1	1011.33	0.56	1.00
1	1011.89	0.00	5.00
1	1011.89	0.57	1.00
1	1012.46	0.00	5.00
1	1012.46	0.56	1.00
1	1013.02	0.00	5.00
1	1013.02	0.55	1.00
1	1013.57	0.00	5.00
1	1013.58	0.56	1.00
1	1014.13	0.00	5.00
1	1014.13	0.55	1.00
1	1014.69	0.00	5.00
1	1014.69	0.55	1.00
1	1015.24	0.00	5.00
1	1015.24	0.56	1.00
1	1015.80	0.00	5.00
1	1015.80	0.56	1.00
1	1016.36	0.00	5.00
1	1016.36	0.56	1.00
1	1016.92	0.00	5.00
1	1016.92	0.55	1.00
1	1017.48	0.00	5.00
1	1017.48	0.56	1.00
1	1018.03	0.00	5.00
1	1018.03	0.56	1.00
1	1018.59	0.00	5.00
1	1018.59	0.55	1.00
1	1019.15	0.00	5.00
1	1019.15	0.56	1.00
1	1019.70	0.00	5.00
1	1019.70	0.56	1.00
1	1020.26	0.00	5.00
1	1020.27	0.56	1.00
1	1020.83	0.00	5.00
1	1020.83	0.56	1.00
1	1021.38	0.00	5.00
1	1021.39	0.56	1.00
1	1021.94	0.00	5.00
1	1021.94	0.56	1.00
1	1022.50	0.00	5.00
1	1022.50	0.56	1.00
1	1023.06	0.00	5.00
1	1023.06	0.55	1.00
1	1023.61	0.00	5.00
1	1023.61	0.55	1.00
1	1024.17	0.00	5.00
1	1024.17	0.58	1.00
1	1024.74	0.00	5.00
1	1024.74	0.56	1.00
1	1025.30	0.00	5.00
1	1025.30	0.55	1.00
1	1025.86	0.00	5.00
1	1025.86	0.55	1.00
1	1026.41	0.00	5.00
1	1026.41	0.55	1.00
1	1026.96	0.00	5.00
1	1026.96	0.55	1.00
1	1027.52	0.00	5.00
1	1027.52	0.56	1.00
1	1028.08	0.00	5.00
1	1028.08	0.57	1.00
1	1028.64	0.00	5.00
1	1028.64	0.55	1.00
1	1029.20	0.00	5.00
1	1029.20	0.56	1.00
1	1029.75	0.00	5.00
1	1029.75	0.55	1.00
1	1030.31	0.00	5.00
1	1030.31	0.55	1.00
1	1030.86	0.00	5.00
1	1030.86	0.55	1.00
1	1031.41	0.01	5.00
1	1031.42	0.55	1.00
1	1031.97	0.00	5.00
1	1031.98	0.56	1.00
1	1032.54	0.00	5.00
1	1032.54	0.56	1.00
1	1033.10	0.00	5.00
1	1033.10	0.55	1.00
1	1033.65	0.00	5.00
1	1033.65	0.56	1.00
1	1034.21	0.00	5.00
1	1034.21	0.55	1.00
1	1034.77	0.00	5.00
1	1034.77	0.56	1.00
1	1035.32	0.00	5.00
1	1035.32	0.55	1.00
1	1035.88	0.00	5.00
1	1035.88	0.58	1.00
1	1036.46	0.00	5.00
1	1036.46	0.56	1.00
1	1037.02	0.00	5.00
1	1037.02	0.55	1.00
1	1037.57	0.00	5.00
1	1037.57	0.55	1.00
1	1038.13	0.00	5.00
1	1038.13	0.56	1.00
1	1038.69	0.00	5.00
1	1038.69	0.56	1.00
1	1039.24	0.00	5.00
1	1039.24	0.55	1.00
1	1039.80	0.00	5.00
1	1039.80	0.56	1.00
1	1040.36	0.00	5.00
1	1040.36	0.56	1.00
1	1040.92	0.00	5.00
1	1040.92	0.56	1.00
1	1041.48	0.00	5.00
1	1041.48	0.56	1.00
1	1042.04	0.00	5.00
1	1042.04	0.56	1.00
1	1042.59	0.00	5.00
1	1042.59	0.56	1.00
1	1043.15	0.00	5.00
1	1043.15	0.55	1.00
1	1043.70	0.00	5.00
1	1043.71	0.56	1.00
1	1044.27	0.00	5.00
1	1044.27	0.55	1.00
1	1044.82	0.00	5.00
1	1044.82	0.56	1.00
1	1045.38	0.00	5.00
1	1045.38	0.55	1.00
1	1045.93	0.00	5.00
1	1045.93	0.55	1.00
1	1046.49	0.00	5.00
1	1046.49	0.56	1.00
1	1047.05	0.00	5.00
1	1047.05	0.56	1.00
1	1047.60	0.00	5.00
1	1047.60	0.56	1.00
1	1048.16	0.00	5.00
1	1048.16	0.58	1.00
1	1048.74	0.00	5.00
1	1048.75	0.55	1.00
1	1049.30	0.00	5.00
1	1049.30	0.56	1.00
1	1049.86	0.00	5.00
1	1049.86	0.55	1.00
1	1050.41	0.00	5.00
1	1050.41	0.56	1.00
1	1050.97	0.00	5.00
1	1050.97	0.55	1.00
1	1051.52	0.00	5.00
1	1051.52	0.56	1.00
1	1052.08	0.00	5.00
1	1052.09	0.56	1.00
1	1052.65	0.00	5.00
1	1052.65	0.55	1.00
1	1053.20	0.00	5.00
1	1053.20	0.55	1.00
1	1053.76	0.00	5.00
1	1053.76	0.56	1.00
1	1054.32	0.00	5.00
1	1054.32	0.56	1.00
1	1054.87	0.00	5.00
1	1054.87	0.55	1.00
1	1055.43	0.00	5.00
1	1055.43	0.56	1.00
1	1055.98	0.00	5.00
1	1055.99	0.56	1.00
1	1056.55	0.00	5.00
1	1056.55	0.56	1.00
1	1057.11	0.00	5.00
1	1057.11	0.56	1.00
1	1057.66	0.00	5.00
1	1057.66	0.56	1.00
1	1058.22	0.00	5.00
1	1058.22	0.56	1.00
1	1058.78	0.00	5.00
1	1058.78	0.55	1.00
1	1059.33	0.00	5.00
1	1059.33	0.55	1.00
1	1059.89	0.00	5.00
1	1059.89	0.58	1.00
1	1060.47	0.00	5.00
1	1060.47	0.55	1.00
1	1061.03	0.00	5.00
1	1061.03	0.55	1.00
1	1061.58	0.00	5.00
1	1061.58	0.55	1.00
1	1062.13	0.00	5.00
1	1062.14	0.55	1.00
1	1062.69	0.00	5.00
1	1062.69	0.56	1.00
1	1063.25	0.00	5.00
1	1063.25	0.55	1.00
1	1063.80	0.00	5.00
1	1063.80	0.56	1.00
1	1064.37	0.00	5.00
1	1064.37	0.55	1.00
1	1064.92	0.00	5.00
1	1064.92	0.56	1.00
1	1065.48	0.00	5.00
1	1065.48	0.56	1.00
1	1066.04	0.00	5.00
1	1066.04	0.55	1.00
1	1066.59	0.00	5.00
1	1066.59	0.55	1.00
1	1067.15	0.00	5.00
1	1067.15	0.56	1.00
1	1067.71	0.00	5.00
1	1067.71	0.56	1.00
1	1068.27	0.00	5.00
1	1068.27	0.55	1.00
1	1068.83	0.00	5.00
1	1068.83	0.55	1.00
1	1069.38	0.00	5.00
1	1069.38	0.56	1.00
1	1069.94	0.00	5.00
1	1069.94	0.56	1.00
1	1070.49	0.00	5.00
1	1070.50	0.55	1.00
1	1071.05	0.00	5.00
1	1071.05	0.56	1.00
1	1071.61	0.00	5.00
1	1071.61	0.56	1.00
1	1072.17	0.00	5.00
1	1072.17	0.58	1.00
1	1072.75	0.00	5.00
1	1072.75	0.56	1.00
1	1073.30	0.00	5.00
1	1073.31	0.55	1.00
1	1073.86	0.00	5.00
1	1073.86	0.56	1.00
1	1074.41	0.00	5.00
1	1074.41	0.55	1.00
1	1074.97	0.00	5.00
1	1074.97	0.55	1.00
1	1075.52	0.00	5.00
1	1075.52	0.56	1.00
1	1076.08	0.00	5.00
1	1076.08	0.56	1.00
1	1076.64	0.00	5.00
1	1076.64	0.56	1.00
1	1077.20	0.00	5.00
1	1077.20	0.55	1.00
1	1077.75	0.00	5.00
1	1077.75	0.55	1.00
1	1078.31	0.00	5.00
1	1078.31	0.56	1.00
1	1078.86	0.00	5.00
1	1078.86	0.56	1.00
1	1079.42	0.00	5.00
1	1079.42	0.56	1.00
1	1079.98	0.00	5.00
1	1079.98	0.56	1.00
1	1080.54	0.00	5.00
1	1080.54	0.56	1.00
1	1081.10	0.00	5.00
1	1081.10	0.55	1.00
1	1081.65	0.00	5.00
1	1081.65	0.56	1.00
1	1082.21	0.00	5.00
1	1082.21	0.56	1.00
1	1082.77	0.00	5.00
1	1082.77	0.55	1.00
1	1083.33	0.00	5.00
1	1083.33	0.56	1.00
1	1083.88	0.00	5.00
1	1083.88	0.58	1.00
1	1084.46	0.00	5.00
1	1084.46	0.56	1.00
1	1085.02	0.00	5.00
1	1085.02	0.56	1.00
1	1085.58	0.00	5.00
1	1085.58	0.55	1.00
1	1086.13	0.00	5.00
1	1086.13	0.55	1.00
1	1086.69	0.00	5.00
1	1086.69	0.55	1.00
1	1087.24	0.00	5.00
1	1087.24	0.56	1.00
1	1087.80	0.00	5.00
1	1087.80	0.56	1.00
1	1088.36	0.00	5.00
1	1088.36	0.56	1.00
1	1088.92	0.00	5.00
1	1088.92	0.56	1.00
1	1089.48	0.00	5.00
1	1089.48	0.56	1.00
1	1090.03	0.00	5.00
1	1090.03	0.55	1.00
1	1090.59	0.00	5.00
1	1090.59	0.56	1.00
1	1091.14	0.00	5.00
1	1091.14	0.56	1.00
1	1091.70	0.00	5.00
1	1091.70	0.56	1.00
1	1092.26	0.00	5.00
1	1092.26	0.56	1.00
1	1092.82	0.00	5.00
1	1092.83	0.56	1.00
1	1093.39	0.00	5.00
1	1093.39	0.55	1.00
1	1093.94	0.00	5.00
1	1093.94	0.56	1.00
1	1094.49	0.00	5.00
1	1094.49	0.55	1.00
1	1095.05	0.00	5.00
1	1095.05	0.56	1.00
1	1095.60	0.00	5.00
1	1095.60	0.56	1.00
1	1096.16	0.00	5.00
1	1096.16	0.58	1.00
1	1096.74	0.00	5.00
1	1096.74	0.56	1.00
1	1097.30	0.00	5.00
1	1097.30	0.55	1.00
1	1097.85	0.00	5.00
1	1097.86	0.55	1.00
1	1098.41	0.00	5.00
1	1098.41	0.55	1.00
1	1098.96	0.00	5.00
1	1098.96	0.55	1.00
1	1099.52	0.00	5.00
1	1099.52	0.56	1.00
1	1100.07	0.00	5.00
1	1100.07	0.56	1.00
1	1100.64	0.00	5.00
1	1100.64	0.56	1.00
1	1101.19	0.00	5.00
1	1101.19	0.55	1.00
1	1101.75	0.00	5.00
1	1101.75	0.56	1.00
1	1102.30	0.00	5.00
1	1102.30	0.55	1.00
1	1102.86	0.00	5.00
1	1102.86	0.56	1.00
1	1103.42	0.00	5.00
1	1103.42	0.55	1.00
1	1103.98	0.00	5.00
1	1103.98	0.58	1.00
1	1104.55	0.00	5.00
1	1104.55	0.55	1.00
1	1105.11	0.00	5.00
1	1105.11	0.55	1.00
1	1105.66	0.00	5.00
1	1105.66	0.55	1.00
1	1106.22	0.00	5.00
1	1106.22	0.55	1.00
1	1106.77	0.00	5.00
1	1106.77	0.56	1.00
1	1107.33	0.00	5.00
1	1107.33	0.56	1.00
1	1107.88	0.00	5.00
1	1107.88	0.58	1.00
1	1108.46	0.00	5.00
1	1108.46	0.55	1.00
1	1109.02	0.00	5.00
1	1109.02	0.55	1.00
1	1109.57	0.00	5.00
1	1109.57	0.56	1.00
1	1110.13	0.00	5.00
1	1110.13	0.56	1.00
1	1110.69	0.00	5.00
1	1110.69	0.56	1.00
1	1111.25	0.00	5.00
1	1111.25	0.56	1.00
1	1111.80	0.00	5.00
1	1111.80	0.56	1.00
1	1112.37	0.00	5.00
1	1112.37	0.55	1.00
1	1112.92	0.00	5.00
1	1112.92	0.55	1.00
1	1113.47	0.00	5.00
1	1113.48	0.55	1.00
1	1114.03	0.00	5.00
1	1114.03	0.56	1.00
1	1114.59	0.00	5.00
1	1114.59	0.55	1.00
1	1115.14	0.00	5.00
1	1115.14	0.55	1.00
1	1115.70	0.00	5.00
1	1115.70	0.56	1.00
1	1116.26	0.00	5.00
1	1116.26	0.56	1.00
1	1116.82	0.00	5.00
1	1116.82	0.56	1.00
1	1117.37	0.00	5.00
1	1117.37	0.56	1.00
1	1117.93	0.00	5.00
1	1117.93	0.56	1.00
1	1118.49	0.00	5.00
1	1118.49	0.56	1.00
1	1119.04	0.00	5.00
1	1119.04	0.55	1.00
1	1119.60	0.00	5.00
1	1119.60	0.55	1.00
1	1120.15	0.00	5.00
1	1120.15	0.58	1.00
1	1120.74	0.00	5.00
1	1120.74	0.56	1.00
1	1121.29	0.00	5.00
1	1121.29	0.55	1.00
1	1121.85	0.00	5.00
1	1121.85	0.55	1.00
1	1122.40	0.00	5.00
1	1122.40	0.55	1.00
1	1122.95	0.00	5.00
1	1122.95	0.56	1.00
1	1123.52	0.00	5.00
1	1123.52	0.55	1.00
1	1124.07	0.00	5.00
1	1124.07	0.56	1.00
1	1124.63	0.00	5.00
1	1124.63	0.55	1.00
1	1125.18	0.00	5.00
1	1125.18	0.55	1.00
1	1125.74	0.00	5.00
1	1125.74	0.55	1.00
1	1126.29	0.00	5.00
1	1126.29	0.00	1.00
1	1126.29	0.01	7.00
1	1126.30	0.02	1.00
1	1126.32	0.01	7.00
1	1126.32	0.75	1.00
1	1127.08	0.00	5.00
1	1127.08	0.75	1.00
1	1127.83	0.00	5.00
1	1127.83	0.76	1.00
1	1128.59	0.00	5.00
1	1128.59	0.75	1.00
1	1129.34	0.00	5.00
1	1129.34	0.75	1.00
1	1130.09	0.00	5.00
1	1130.09	0.75	1.00
1	1130.84	0.00	5.00
1	1130.84	0.75	1.00
1	1131.59	0.00	5.00
1	1131.59	0.77	1.00
1	1132.36	0.00	5.00
1	1132.36	0.75	1.00
1	1133.11	0.00	5.00
1	1133.11	0.75	1.00
1	1133.87	0.00	5.00
1	1133.87	0.75	1.00
1	1134.62	0.01	5.00
1	1134.62	0.75	1.00
1	1135.37	0.00	5.00
1	1135.37	0.75	1.00
1	1136.12	0.00	5.00
1	1136.12	0.75	1.00
1	1136.88	0.00	5.00
1	1136.88	0.75	1.00
1	1137.63	0.00	5.00
1	1137.63	0.75	1.00
1	1138.37	0.00	5.00
1	1138.37	0.75	1.00
1	1139.12	0.00	5.00
1	1139.12	0.75	1.00
1	1139.87	0.00	5.00
1	1139.87	0.76	1.00
1	1140.62	0.00	5.00
1	1140.62	0.75	1.00
1	1141.37	0.00	5.00
1	1141.37	0.75	1.00
1	1142.12	0.00	5.00
1	1142.12	0.75	1.00
1	1142.87	0.00	5.00
1	1142.87	0.74	1.00
1	1143.61	0.00	5.00
1	1143.61	0.77	1.00
1	1144.39	0.00	5.00
1	1144.39	0.75	1.00
1	1145.14	0.00	5.00
1	1145.14	0.75	1.00
1	1145.89	0.00	5.00
1	1145.89	0.75	1.00
1	1146.64	0.00	5.00
1	1146.64	0.75	1.00
1	1147.39	0.00	5.00
1	1147.39	0.75	1.00
1	1148.13	0.00	5.00
1	1148.14	0.77	1.00
1	1148.90	0.00	5.00
1	1148.91	0.75	1.00
1	1149.66	0.00	5.00
1	1149.66	0.75	1.00
1	1150.41	0.00	5.00
1	1150.41	0.75	1.00
1	1151.15	0.00	5.00
1	1151.15	0.75	1.00
1	1151.90	0.00	5.00
1	1151.90	0.76	1.00
1	1152.66	0.00	5.00
1	1152.66	0.75	1.00
1	1153.41	0.00	5.00
1	1153.41	0.75	1.00
1	1154.16	0.00	5.00
1	1154.16	0.75	1.00
1	1154.91	0.00	5.00
1	1154.91	0.75	1.00
1	1155.65	0.00	5.00
1	1155.65	0.77	1.00
1	1156.42	0.00	5.00
1	1156.42	0.75	1.00
1	1157.17	0.00	5.00
1	1157.17	0.77	1.00
1	1157.95	0.00	5.00
1	1157.95	0.75	1.00
1	1158.70	0.00	5.00
1	1158.70	0.75	1.00
1	1159.45	0.00	5.00
1	1159.45	0.75	1.00
1	1160.20	0.00	5.00
1	1160.20	0.76	1.00
1	1160.96	0.00	5.00
1	1160.96	0.75	1.00
1	1161.71	0.00	5.00
1	1161.71	0.75	1.00
1	1162.46	0.00	5.00
1	1162.46	0.75	1.00
1	1163.21	0.00	5.00
1	1163.21	0.75	1.00
1	1163.96	0.00	5.00
1	1163.96	0.76	1.00
1	1164.72	0.00	5.00
1	1164.72	0.75	1.00
1	1165.47	0.00	5.00
1	1165.47	0.75	1.00
1	1166.22	0.00	5.00
1	1166.22	0.75	1.00
1	1166.96	0.00	5.00
1	1166.96	0.75	1.00
1	1167.71	0.00	5.00
1	1167.71	0.77	1.00
1	1168.48	0.00	5.00
1	1168.48	0.75	1.00
1	1169.23	0.00	5.00
1	1169.23	0.75	1.00
1	1169.98	0.00	5.00
1	1169.98	0.75	1.00
1	1170.74	0.00	5.00
1	1170.74	0.75	1.00
1	1171.49	0.00	5.00
1	1171.49	0.76	1.00
1	1172.25	0.00	5.00
1	1172.25	0.75	1.00
1	1173.00	0.00	5.00
1	1173.00	0.75	1.00
1	1173.75	0.00	5.00
1	1173.75	0.75	1.00
1	1174.50	0.00	5.00
1	1174.50	0.74	1.00
1	1175.25	0.00	5.00
1	1175.25	0.75	1.00
1	1176.00	0.01	5.00
1	1176.00	0.76	1.00
1	1176.77	0.00	5.00
1	1176.77	0.75	1.00
1	1177.52	0.00	5.00
1	1177.52	0.75	1.00
1	1178.27	0.00	5.00
1	1178.27	0.75	1.00
1	1179.02	0.00	5.00
1	1179.02	0.75	1.00
1	1179.77	0.00	5.00
1	1179.77	0.77	1.00
1	1180.54	0.00	5.00
1	1180.54	0.75	1.00
1	1181.29	0.00	5.00
1	1181.29	0.75	1.00
1	1182.04	0.00	5.00
1	1182.04	0.75	1.00
1	1182.80	0.00	5.00
1	1182.80	0.75	1.00
1	1183.55	0.00	5.00
1	1183.55	0.76	1.00
1	1184.30	0.00	5.00
1	1184.31	0.75	1.00
1	1185.06	0.00	5.00
1	1185.06	0.75	1.00
1	1185.81	0.00	5.00
1	1185.81	0.75	1.00
1	1186.56	0.00	5.00
1	1186.56	0.75	1.00
1	1187.31	0.00	5.00
1	1187.31	0.75	1.00
1	1188.06	0.00	5.00
1	1188.06	0.76	1.00
1	1188.83	0.00	5.00
1	1188.83	0.75	1.00
1	1189.58	0.00	5.00
1	1189.58	0.75	1.00
1	1190.33	0.00	5.00
1	1190.33	0.75	1.00
1	1191.08	0.00	5.00
1	1191.08	0.75	1.00
1	1191.83	0.00	5.00
1	1191.83	0.80	1.00
1	1192.63	0.00	5.00
1	1192.63	0.75	1.00
1	1193.38	0.00	5.00
1	1193.38	0.75	1.00
1	1194.13	0.00	5.00
1	1194.13	0.75	1.00
1	1194.88	0.00	5.00
1	1194.88	0.75	1.00
1	1195.63	0.00	5.00
1	1195.63	0.76	1.00
1	1196.40	0.00	5.00
1	1196.40	0.75	1.00
1	1197.15	0.00	5.00
1	1197.15	0.75	1.00
1	1197.90	0.00	5.00
1	1197.90	0.75	1.00
1	1198.65	0.00	5.00
1	1198.65	0.75	1.00
1	1199.40	0.00	5.00
1	1199.40	0.75	1.00
1	1200.15	0.00	5.00
1	1200.15	0.76	1.00
1	1200.91	0.00	5.00
1	1200.91	0.75	1.00
1	1201.66	0.00	5.00
1	1201.66	0.75	1.00
1	1202.41	0.00	5.00
1	1202.41	0.75	1.00
1	1203.16	0.00	5.00
1	1203.16	0.76	1.00
1	1203.92	0.00	5.00
1	1203.92	0.77	1.00
1	1204.69	0.00	5.00
1	1204.69	0.75	1.00
1	1205.44	0.00	5.00
1	1205.44	0.75	1.00
1	1206.19	0.00	5.00
1	1206.19	0.75	1.00
1	1206.94	0.00	5.00
1	1206.94	0.75	1.00
1	1207.69	0.00	5.00
1	1207.69	0.76	1.00
1	1208.46	0.00	5.00
1	1208.46	0.75	1.00
1	1209.21	0.00	5.00
1	1209.21	0.75	1.00
1	1209.96	0.00	5.00
1	1209.96	0.75	1.00
1	1210.72	0.00	5.00
1	1210.72	0.75	1.00
1	1211.47	0.00	5.00
1	1211.47	0.75	1.00
1	1212.22	0.00	5.00
1	1212.22	0.76	1.00
1	1212.97	0.00	5.00
1	1212.97	0.75	1.00
1	1213.72	0.00	5.00
1	1213.72	0.75	1.00
1	1214.47	0.00	5.00
1	1214.47	0.75	1.00
1	1215.22	0.00	5.00
1	1215.22	0.75	1.00
1	1215.98	0.00	5.00
1	1215.98	0.77	1.00
1	1216.74	0.00	5.00
1	1216.74	0.75	1.00
1	1217.50	0.00	5.00
1	1217.50	0.75	1.00
1	1218.25	0.00	5.00
1	1218.25	0.75	1.00
1	1219.00	0.00	5.00
1	1219.00	0.75	1.00
1	1219.75	0.00	5.00
1	1219.75	0.76	1.00
1	1220.51	0.00	5.00
1	1220.51	0.75	1.00
1	1221.27	0.00	5.00
1	1221.27	0.75	1.00
1	1222.02	0.00	5.00
1	1222.02	0.75	1.00
1	1222.77	0.00	5.00
1	1222.77	0.75	1.00
1	1223.52	0.00	5.00
1	1223.52	0.76	1.00
1	1224.28	0.00	5.00
1	1224.28	0.76	1.00
1	1225.04	0.00	5.00
1	1225.04	0.75	1.00
1	1225.79	0.00	5.00
1	1225.80	0.75	1.00
1	1226.54	0.00	5.00
1	1226.55	0.75	1.00
1	1227.29	0.00	5.00
1	1227.30	0.75	1.00
1	1228.05	0.00	5.00
1	1228.05	0.77	1.00
1	1228.82	0.00	5.00
1	1228.82	0.75	1.00
1	1229.57	0.00	5.00
1	1229.57	0.75	1.00
1	1230.33	0.00	5.00
1	1230.33	0.75	1.00
1	1231.08	0.00	5.00
1	1231.08	0.75	1.00
1	1231.83	0.00	5.00
1	1231.83	0.79	1.00
1	1232.63	0.00	5.00
1	1232.63	0.76	1.00
1	1233.39	0.00	5.00
1	1233.39	0.76	1.00
1	1234.15	0.00	5.00
1	1234.15	0.76	1.00
1	1234.91	0.00	5.00
1	1234.91	0.75	1.00
1	1235.67	0.00	5.00
1	1235.67	0.85	1.00
1	1236.51	0.00	5.00
1	1236.52	0.79	1.00
1	1237.30	0.00	5.00
1	1237.30	0.75	1.00
1	1238.05	0.00	5.00
1	1238.05	0.75	1.00
1	1238.80	0.00	5.00
1	1238.80	0.75	1.00
1	1239.55	0.00	5.00
1	1239.55	0.78	1.00
1	1240.33	0.00	5.00
1	1240.33	0.75	1.00
1	1241.08	0.00	5.00
1	1241.08	0.75	1.00
1	1241.83	0.00	5.00
1	1241.83	0.75	1.00
1	1242.58	0.00	5.00
1	1242.58	0.75	1.00
1	1243.33	0.00	5.00
1	1243.33	0.75	1.00
1	1244.08	0.00	5.00
1	1244.08	0.77	1.00
1	1244.85	0.00	5.00
1	1244.85	0.76	1.00
1	1245.61	0.00	5.00
1	1245.61	0.75	1.00
1	1246.36	0.00	5.00
1	1246.36	0.75	1.00
1	1247.11	0.00	5.00
1	1247.12	0.75	1.00
1	1247.87	0.00	5.00
1	1247.87	0.78	1.00
1	1248.64	0.00	5.00
1	1248.64	0.75	1.00
1	1249.40	0.00	5.00
1	1249.40	0.75	1.00
1	1250.15	0.00	5.00
1	1250.15	0.75	1.00
1	1250.90	0.00	5.00
1	1250.90	0.75	1.00
1	1251.65	0.00	5.00
1	1251.65	0.78	1.00
1	1252.42	0.00	5.00
1	1252.42	0.75	1.00
1	1253.18	0.00	5.00
1	1253.18	0.75	1.00
1	1253.93	0.00	5.00
1	1253.93	0.75	1.00
1	1254.68	0.00	5.00
1	1254.68	0.75	1.00
1	1255.43	0.00	5.00
1	1255.43	0.75	1.00
1	1256.17	0.00	5.00
1	1256.17	0.77	1.00
1	1256.94	0.00	5.00
1	1256.94	0.76	1.00
1	1257.71	0.00	5.00
1	1257.71	0.76	1.00
1	1258.47	0.00	5.00
1	1258.47	0.76	1.00
1	1259.22	0.00	5.00
1	1259.22	0.75	1.00
1	1259.98	0.00	5.00
1	1259.98	0.82	1.00
1	1260.79	0.00	5.00
1	1260.79	0.75	1.00
1	1261.55	0.00	5.00
1	1261.55	0.76	1.00
1	1262.31	0.00	5.00
1	1262.31	0.76	1.00
1	1263.07	0.00	5.00
1	1263.07	0.75	1.00
1	1263.82	0.00	5.00
1	1263.82	0.86	1.00
1	1264.68	0.00	5.00
1	1264.68	0.76	1.00
1	1265.44	0.00	5.00
1	1265.44	0.75	1.00
1	1266.19	0.00	5.00
1	1266.19	0.75	1.00
1	1266.94	0.00	5.00
1	1266.94	0.76	1.00
1	1267.69	0.00	5.00
1	1267.69	0.90	1.00
1	1268.59	0.00	5.00
1	1268.59	0.77	1.00
1	1269.37	0.00	5.00
1	1269.37	0.75	1.00
1	1270.12	0.00	5.00
1	1270.12	0.75	1.00
1	1270.87	0.00	5.00
1	1270.88	0.76	1.00
1	1271.63	0.00	5.00
1	1271.63	0.84	1.00
1	1272.47	0.00	5.00
1	1272.48	0.76	1.00
1	1273.24	0.00	5.00
1	1273.24	0.75	1.00
1	1274.00	0.00	5.00
1	1274.00	0.76	1.00
1	1274.76	0.00	5.00
1	1274.76	0.75	1.00
1	1275.51	0.00	5.00
1	1275.51	0.80	1.00
1	1276.31	0.00	5.00
1	1276.31	0.78	1.00
1	1277.09	0.00	5.00
1	1277.10	0.82	1.00
1	1277.92	0.00	5.00
1	1277.92	0.75	1.00
1	1278.67	0.00	5.00
1	1278.67	0.85	1.00
1	1279.53	0.00	5.00
1	1279.53	1.33	1.00
1	1280.86	0.00	5.00
1	1280.86	0.79	1.00
1	1281.65	0.00	5.00
1	1281.65	0.95	1.00
1	1282.60	0.00	5.00
1	1282.60	0.75	1.00
1	1283.35	0.00	5.00
1	1283.35	0.75	1.00
1	1284.11	0.00	5.00
1	1284.11	0.78	1.00
1	1284.89	0.00	5.00
1	1284.89	0.75	1.00
1	1285.64	0.00	5.00
1	1285.64	0.75	1.00
1	1286.39	0.00	5.00
1	1286.39	0.75	1.00
1	1287.14	0.00	5.00
1	1287.14	0.75	1.00
1	1287.89	0.01	5.00
1	1287.90	0.80	1.00
1	1288.70	0.00	5.00
1	1288.70	0.75	1.00
1	1289.45	0.00	5.00
1	1289.45	0.75	1.00
1	1290.20	0.00	5.00
1	1290.20	0.75	1.00
1	1290.95	0.00	5.00
1	1290.95	0.75	1.00
1	1291.70	0.00	5.00
1	1291.70	0.78	1.00
1	1292.48	0.00	5.00
1	1292.48	0.75	1.00
1	1293.23	0.00	5.00
1	1293.23	0.75	1.00
1	1293.98	0.00	5.00
1	1293.98	0.75	1.00
1	1294.73	0.00	5.00
1	1294.73	0.75	1.00
1	1295.48	0.00	5.00
1	1295.48	0.75	1.00
1	1296.23	0.00	5.00
1	1296.23	0.77	1.00
1	1297.01	0.00	5.00
1	1297.01	0.76	1.00
1	1297.77	0.00	5.00
1	1297.77	0.75	1.00
1	1298.51	0.00	5.00
1	1298.51	0.76	1.00
1	1299.27	0.00	5.00
1	1299.27	0.75	1.00
1	1300.02	0.00	5.00
1	1300.02	0.79	1.00
1	1300.82	0.00	5.00
1	1300.82	0.75	1.00
1	1301.57	0.00	5.00
1	1301.57	0.76	1.00
1	1302.33	0.00	5.00
1	1302.33	0.75	1.00
1	1303.08	0.00	5.00
1	1303.08	0.75	1.00
1	1303.83	0.00	5.00
1	1303.83	0.79	1.00
1	1304.62	0.00	5.00
1	1304.62	0.75	1.00
1	1305.37	0.00	5.00
1	1305.37	0.75	1.00
1	1306.12	0.00	5.00
1	1306.12	0.75	1.00
1	1306.87	0.00	5.00
1	1306.87	0.75	1.00
1	1307.62	0.00	5.00
1	1307.62	0.77	1.00
1	1308.39	0.00	5.00
1	1308.39	0.75	1.00
1	1309.14	0.00	5.00
1	1309.14	0.75	1.00
1	1309.89	0.00	5.00
1	1309.89	0.75	1.00
1	1310.64	0.00	5.00
1	1310.65	0.75	1.00
1	1311.40	0.00	5.00
1	1311.40	0.75	1.00
1	1312.14	0.00	5.00
1	1312.14	0.78	1.00
1	1312.92	0.00	5.00
1	1312.92	0.75	1.00
1	1313.68	0.00	5.00
1	1313.68	0.75	1.00
1	1314.43	0.00	5.00
1	1314.43	0.75	1.00
1	1315.18	0.00	5.00
1	1315.18	0.75	1.00
1	1315.93	0.00	5.00
1	1315.93	0.77	1.00
1	1316.71	0.00	5.00
1	1316.71	0.75	1.00
1	1317.46	0.00	5.00
1	1317.46	0.75	1.00
1	1318.21	0.00	5.00
1	1318.21	0.75	1.00
1	1318.97	0.00	5.00
1	1318.97	0.75	1.00
1	1319.72	0.00	5.00
1	1319.72	0.78	1.00
1	1320.50	0.00	5.00
1	1320.50	0.75	1.00
1	1321.26	0.00	5.00
1	1321.26	0.00	1.00
1	1321.26	0.01	7.00
1	1321.26	0.02	1.00
1	1321.28	0.01	7.00
1	1321.29	1.74	1.00
1	1323.03	0.00	5.00
1	1323.03	1.60	1.00
1	1324.63	0.00	5.00
1	1324.63	1.59	1.00
1	1326.22	0.00	5.00
1	1326.22	1.59	1.00
1	1327.80	0.00	5.00
1	1327.81	1.60	1.00
1	1329.40	0.00	5.00
1	1329.40	1.59	1.00
1	1330.99	0.00	5.00
1	1330.99	1.60	1.00
1	1332.59	0.00	5.00
1	1332.59	1.59	1.00
1	1334.19	0.00	5.00
1	1334.19	1.59	1.00
1	1335.77	0.01	5.00
1	1335.78	1.60	1.00
1	1337.38	0.00	5.00
1	1337.38	1.59	1.00
1	1338.97	0.00	5.00
1	1338.97	1.60	1.00
1	1340.57	0.00	5.00
1	1340.57	1.59	1.00
1	1342.16	0.00	5.00
1	1342.16	1.59	1.00
1	1343.75	0.00	5.00
1	1343.75	1.59	1.00
1	1345.34	0.00	5.00
1	1345.34	1.59	1.00
1	1346.93	0.00	5.00
1	1346.93	1.60	1.00
1	1348.53	0.00	5.00
1	1348.53	1.59	1.00
1	1350.12	0.00	5.00
1	1350.12	1.59	1.00
1	1351.71	0.00	5.00
1	1351.71	1.65	1.00
1	1353.35	0.00	5.00
1	1353.36	1.59	1.00
1	1354.94	0.00	5.00
1	1354.95	1.60	1.00
1	1356.54	0.00	5.00
1	1356.54	1.58	1.00
1	1358.12	0.00	5.00
1	1358.12	1.58	1.00
1	1359.71	0.00	5.00
1	1359.71	1.61	1.00
1	1361.32	0.00	5.00
1	1361.32	1.58	1.00
1	1362.90	0.00	5.00
1	1362.90	1.59	1.00
1	1364.49	0.00	5.00
1	1364.49	1.59	1.00
1	1366.08	0.00	5.00
1	1366.09	1.58	1.00
1	1367.67	0.00	5.00
1	1367.67	1.59	1.00
1	1369.25	0.00	5.00
1	1369.25	1.58	1.00
1	1370.83	0.00	5.00
1	1370.83	1.59	1.00
1	1372.43	0.00	5.00
1	1372.43	1.59	1.00
1	1374.01	0.00	5.00
1	1374.01	1.58	1.00
1	1375.60	0.00	5.00
1	1375.60	1.59	1.00
1	1377.19	0.00	5.00
1	1377.19	1.58	1.00
1	1378.77	0.00	5.00
1	1378.77	1.59	1.00
1	1380.35	0.00	5.00
1	1380.35	1.59	1.00
1	1381.94	0.00	5.00
1	1381.94	1.58	1.00
1	1383.52	0.00	5.00
1	1383.52	1.61	1.00
1	1385.13	0.00	5.00
1	1385.13	1.58	1.00
1	1386.72	0.00	5.00
1	1386.72	1.59	1.00
1	1388.31	0.00	5.00
1	1388.31	1.58	1.00
1	1389.89	0.00	5.00
1	1389.89	1.58	1.00
1	1391.47	0.00	5.00
1	1391.47	1.59	1.00
1	1393.06	0.00	5.00
1	1393.06	1.59	1.00
1	1394.65	0.00	5.00
1	1394.65	1.58	1.00
1	1396.22	0.00	5.00
1	1396.22	1.60	1.00
1	1397.83	0.00	5.00
1	1397.83	1.58	1.00
1	1399.41	0.00	5.00
1	1399.41	1.60	1.00
1	1401.01	0.00	5.00
1	1401.01	1.58	1.00
1	1402.59	0.00	5.00
1	1402.59	1.59	1.00
1	1404.18	0.00	5.00
1	1404.18	1.59	1.00
1	1405.77	0.00	5.00
1	1405.77	1.58	1.00
1	1407.36	0.00	5.00
1	1407.36	1.60	1.00
1	1408.95	0.00	5.00
1	1408.95	1.58	1.00
1	1410.54	0.00	5.00
1	1410.54	1.59	1.00
1	1412.12	0.00	5.00
1	1412.12	1.59	1.00
1	1413.71	0.00	5.00
1	1413.71	1.58	1.00
1	1415.29	0.00	5.00
1	1415.29	1.59	1.00
1	1416.88	0.00	5.00
1	1416.88	1.58	1.00
1	1418.46	0.00	5.00
1	1418.46	1.58	1.00
1	1420.04	0.00	5.00
1	1420.04	1.59	1.00
1	1421.63	0.00	5.00
1	1421.63	1.58	1.00
1	1423.21	0.01	5.00
1	1423.22	1.59	1.00
1	1424.81	0.00	5.00
1	1424.81	1.58	1.00
1	1426.39	0.00	5.00
1	1426.39	1.58	1.00
1	1427.97	0.00	5.00
1	1427.97	1.59	1.00
1	1429.56	0.00	5.00
1	1429.56	1.58	1.00
1	1431.14	0.00	5.00
1	1431.14	1.59	1.00
1	1432.73	0.00	5.00
1	1432.73	1.58	1.00
1	1434.31	0.00	5.00
1	1434.31	1.58	1.00
1	1435.89	0.00	5.00
1	1435.89	1.59	1.00
1	1437.48	0.00	5.00
1	1437.48	1.59	1.00
1	1439.06	0.00	5.00
1	1439.07	1.59	1.00
1	1440.65	0.00	5.00
1	1440.65	1.58	1.00
1	1442.23	0.00	5.00
1	1442.23	1.58	1.00
1	1443.81	0.00	5.00
1	1443.81	1.59	1.00
1	1445.41	0.00	5.00
1	1445.41	1.58	1.00
1	1446.99	0.00	5.00
1	1446.99	1.58	1.00
1	1448.57	0.00	5.00
1	1448.57	1.58	1.00
1	1450.16	0.00	5.00
1	1450.16	1.59	1.00
1	1451.74	0.01	5.00
1	1451.75	1.59	1.00
1	1453.34	0.00	5.00
1	1453.34	1.58	1.00
1	1454.92	0.00	5.00
1	1454.93	1.60	1.00
1	1456.52	0.00	5.00
1	1456.52	1.58	1.00
1	1458.11	0.00	5.00
1	1458.11	1.58	1.00
1	1459.69	0.00	5.00
1	1459.69	1.59	1.00
1	1461.28	0.00	5.00
1	1461.28	1.58	1.00
1	1462.86	0.00	5.00
1	1462.86	1.62	1.00
1	1464.48	0.00	5.00
1	1464.49	1.59	1.00
1	1466.07	0.00	5.00
1	1466.07	1.58	1.00
1	1467.65	0.00	5.00
1	1467.65	1.59	1.00
1	1469.25	0.00	5.00
1	1469.25	1.58	1.00
1	1470.83	0.00	5.00
1	1470.83	1.59	1.00
1	1472.42	0.00	5.00
1	1472.42	1.58	1.00
1	1474.00	0.00	5.00
1	1474.01	1.58	1.00
1	1475.59	0.00	5.00
1	1475.59	1.59	1.00
1	1477.17	0.00	5.00
1	1477.18	1.58	1.00
1	1478.76	0.00	5.00
1	1478.76	1.59	1.00
1	1480.35	0.00	5.00
1	1480.35	1.59	1.00
1	1481.94	0.00	5.00
1	1481.94	1.59	1.00
1	1483.53	0.00	5.00
1	1483.53	1.59	1.00
1	1485.12	0.00	5.00
1	1485.12	1.58	1.00
1	1486.71	0.00	5.00
1	1486.71	1.60	1.00
1	1488.30	0.00	5.00
1	1488.31	1.58	1.00
1	1489.89	0.00	5.00
1	1489.89	1.58	1.00
1	1491.47	0.00	5.00
1	1491.47	1.60	1.00
1	1493.07	0.00	5.00
1	1493.07	1.58	1.00
1	1494.66	0.00	5.00
1	1494.66	1.58	1.00
1	1496.24	0.00	5.00
1	1496.24	1.59	1.00
1	1497.82	0.00	5.00
1	1497.82	1.58	1.00
1	1499.41	0.00	5.00
1	1499.41	1.59	1.00
1	1501.00	0.00	5.00
1	1501.00	1.58	1.00
1	1502.58	0.00	5.00
1	1502.58	1.58	1.00
1	1504.17	0.00	5.00
1	1504.17	1.59	1.00
1	1505.76	0.00	5.00
1	1505.76	1.58	1.00
1	1507.35	0.00	5.00
1	1507.35	1.59	1.00
1	1508.94	0.00	5.00
1	1508.94	1.59	1.00
1	1510.53	0.00	5.00
1	1510.53	1.59	1.00
1	1512.12	0.00	5.00
1	1512.12	1.59	1.00
1	1513.71	0.00	5.00
1	1513.71	1.58	1.00
1	1515.29	0.00	5.00
1	1515.29	1.60	1.00
1	1516.89	0.00	5.00
1	1516.89	1.58	1.00
1	1518.48	0.00	5.00
1	1518.48	1.59	1.00
1	1520.06	0.00	5.00
1	1520.06	1.59	1.00
1	1521.66	0.00	5.00
1	1521.66	1.59	1.00
1	1523.24	0.00	5.00
1	1523.24	1.59	1.00
1	1524.83	0.00	5.00
1	1524.83	1.58	1.00
1	1526.42	0.00	5.00
1	1526.42	1.58	1.00
1	1528.00	0.00	5.00
1	1528.00	1.60	1.00
1	1529.60	0.00	5.00
1	1529.60	1.58	1.00
1	1531.18	0.00	5.00
1	1531.18	1.59	1.00
1	1532.78	0.00	5.00
1	1532.78	1.59	1.00
1	1534.37	0.00	5.00
1	1534.37	1.59	1.00
1	1535.95	0.00	5.00
1	1535.95	1.59	1.00
1	1537.54	0.00	5.00
1	1537.54	1.58	1.00
1	1539.12	0.01	5.00
1	1539.13	1.60	1.00
1	1540.72	0.00	5.00
1	1540.72	1.59	1.00
1	1542.31	0.00	5.00
1	1542.31	1.58	1.00
1	1543.89	0.00	5.00
1	1543.89	1.59	1.00
1	1545.48	0.00	5.00
1	1545.49	1.58	1.00
1	1547.07	0.00	5.00
1	1547.07	1.59	1.00
1	1548.66	0.00	5.00
1	1548.66	1.58	1.00
1	1550.24	0.00	5.00
1	1550.24	1.57	1.00
1	1551.81	0.00	5.00
1	1551.81	1.63	1.00
1	1553.44	0.00	5.00
1	1553.44	1.58	1.00
1	1555.03	0.00	5.00
1	1555.03	1.60	1.00
1	1556.62	0.00	5.00
1	1556.63	1.58	1.00
1	1558.21	0.00	5.00
1	1558.21	1.58	1.00
1	1559.79	0.00	5.00
1	1559.79	1.59	1.00
1	1561.39	0.00	5.00
1	1561.39	1.59	1.00
1	1562.98	0.00	5.00
1	1562.98	1.60	1.00
1	1564.58	0.00	5.00
1	1564.58	1.59	1.00
1	1566.17	0.00	5.00
1	1566.17	1.59	1.00
1	1567.76	0.00	5.00
1	1567.76	1.60	1.00
1	1569.36	0.00	5.00
1	1569.36	1.58	1.00
1	1570.94	0.00	5.00
1	1570.94	1.60	1.00
1	1572.54	0.00	5.00
1	1572.54	1.58	1.00
1	1574.12	0.00	5.00
1	1574.12	1.59	1.00
1	1575.72	0.00	5.00
1	1575.72	1.60	1.00
1	1577.32	0.00	5.00
1	1577.32	1.59	1.00
1	1578.91	0.00	5.00
1	1578.91	1.59	1.00
1	1580.51	0.00	5.00
1	1580.51	1.59	1.00
1	1582.10	0.00	5.00
1	1582.10	1.59	1.00
1	1583.68	0.00	5.00
1	1583.68	1.59	1.00
1	1585.27	0.00	5.00
1	1585.27	1.59	1.00
1	1586.86	0.00	5.00
1	1586.86	1.60	1.00
1	1588.47	0.00	5.00
1	1588.47	1.58	1.00
1	1590.05	0.00	5.00
1	1590.05	1.58	1.00
1	1591.63	0.00	5.00
1	1591.63	1.59	1.00
1	1593.22	0.00	5.00
1	1593.23	1.58	1.00
1	1594.81	0.00	5.00
1	1594.81	1.59	1.00
1	1596.40	0.00	5.00
1	1596.40	1.59	1.00
1	1597.99	0.00	5.00
1	1597.99	1.59	1.00
1	1599.57	0.00	5.00
1	1599.57	1.60	1.00
1	1601.17	0.00	5.00
1	1601.17	1.58	1.00
1	1602.75	0.00	5.00
1	1602.75	1.59	1.00
1	1604.35	0.00	5.00
1	1604.35	1.59	1.00
1	1605.94	0.00	5.00
1	1605.94	1.59	1.00
1	1607.53	0.00	5.00
1	1607.53	1.59	1.00
1	1609.12	0.00	5.00
1	1609.12	1.58	1.00
1	1610.70	0.00	5.00
1	1610.70	1.60	1.00
1	1612.31	0.00	5.00
1	1612.31	1.59	1.00
1	1613.90	0.00	5.00
1	1613.90	1.59	1.00
1	1615.48	0.00	5.00
1	1615.48	1.61	1.00
1	1617.09	0.00	5.00
1	1617.09	1.58	1.00
1	1618.68	0.00	5.00
1	1618.68	1.59	1.00
1	1620.27	0.00	5.00
1	1620.27	1.59	1.00
1	1621.86	0.00	5.00
1	1621.86	1.59	1.00
1	1623.45	0.00	5.00
1	1623.45	1.59	1.00
1	1625.04	0.00	5.00
1	1625.04	1.58	1.00
1	1626.63	0.01	5.00
1	1626.63	1.58	1.00
1	1628.21	0.00	5.00
1	1628.21	1.59	1.00
1	1629.81	0.00	5.00
1	1629.81	1.58	1.00
1	1631.39	0.00	5.00
1	1631.39	1.59	1.00
1	1632.98	0.00	5.00
1	1632.98	1.59	1.00
1	1634.57	0.00	5.00
1	1634.57	1.58	1.00
1	1636.16	0.00	5.00
1	1636.16	1.60	1.00
1	1637.76	0.00	5.00
1	1637.76	1.58	1.00
1	1639.34	0.00	5.00
1	1639.34	1.59	1.00
1	1640.94	0.00	5.00
1	1640.94	1.58	1.00
1	1642.52	0.00	5.00
1	1642.52	1.59	1.00
1	1644.11	0.00	5.00
1	1644.11	1.59	1.00
1	1645.70	0.00	5.00
1	1645.70	1.58	1.00
1	1647.28	0.00	5.00
1	1647.28	1.60	1.00
1	1648.89	0.00	5.00
1	1648.89	1.59	1.00
1	1650.47	0.00	5.00
1	1650.47	1.58	1.00
1	1652.06	0.00	5.00
1	1652.06	1.59	1.00
1	1653.64	0.00	5.00
1	1653.65	1.58	1.00
1	1655.23	0.01	5.00
1	1655.24	1.59	1.00
1	1656.83	0.00	5.00
1	1656.83	1.59	1.00
1	1658.42	0.00	5.00
1	1658.42	1.59	1.00
1	1660.01	0.00	5.00
1	1660.01	1.60	1.00
1	1661.60	0.00	5.00
1	1661.61	1.59	1.00
1	1663.19	0.00	5.00
1	1663.19	1.59	1.00
1	1664.78	0.00	5.00
1	1664.78	1.58	1.00
1	1666.37	0.00	5.00
1	1666.37	1.58	1.00
1	1667.95	0.00	5.00
1	1667.95	1.59	1.00
1	1669.55	0.00	5.00
1	1669.55	1.59	1.00
1	1671.14	0.00	5.00
1	1671.14	1.60	1.00
1	1672.73	0.00	5.00
1	1672.73	1.59	1.00
1	1674.32	0.00	5.00
1	1674.32	1.59	1.00
1	1675.91	0.00	5.00
1	1675.91	1.60	1.00
1	1677.51	0.00	5.00
1	1677.51	1.58	1.00
1	1679.09	0.00	5.00
1	1679.09	1.59	1.00
1	1680.69	0.00	5.00
1	1680.69	1.58	1.00
1	1682.27	0.00	5.00
1	1682.27	1.58	1.00
1	1683.86	0.00	5.00
1	1683.86	1.60	1.00
1	1685.46	0.00	5.00
1	1685.46	1.58	1.00
1	1687.05	0.00	5.00
1	1687.05	1.59	1.00
1	1688.64	0.00	5.00
1	1688.64	1.59	1.00
1	1690.22	0.00	5.00
1	1690.22	1.58	1.00
1	1691.80	0.00	5.00
1	1691.80	1.59	1.00
1	1693.39	0.00	5.00
1	1693.39	1.58	1.00
1	1694.98	0.00	5.00
1	1694.98	1.60	1.00
1	1696.58	0.00	5.00
1	1696.58	1.58	1.00
1	1698.16	0.00	5.00
1	1698.16	1.59	1.00
1	1699.74	0.00	5.00
1	1699.74	1.61	1.00
1	1701.35	0.00	5.00
1	1701.35	1.59	1.00
1	1702.94	0.00	5.00
1	1702.94	1.60	1.00
1	1704.53	0.00	5.00
1	1704.53	1.59	1.00
1	1706.12	0.00	5.00
1	1706.12	1.59	1.00
1	1707.71	0.00	5.00
1	1707.71	1.60	1.00
1	1709.31	0.00	5.00
1	1709.31	1.59	1.00
1	1710.89	0.00	5.00
1	1710.89	1.59	1.00
1	1712.48	0.00	5.00
1	1712.48	1.59	1.00
1	1714.07	0.00	5.00
1	1714.07	1.60	1.00
1	1715.67	0.00	5.00
1	1715.67	1.59	1.00
1	1717.27	0.00	5.00
1	1717.27	1.58	1.00
1	1718.85	0.00	5.00
1	1718.85	1.61	1.00
1	1720.46	0.00	5.00
1	1720.46	1.58	1.00
1	1722.04	0.00	5.00
1	1722.04	1.58	1.00
1	1723.63	0.00	5.00
1	1723.63	1.59	1.00
1	1725.22	0.00	5.00
1	1725.22	1.58	1.00
1	1726.80	0.00	5.00
1	1726.80	1.62	1.00
1	1728.42	0.00	5.00
1	1728.42	0.00	1.00
1	1728.42	0.01	7.00
1	1728.43	0.02	1.00
1	1728.45	0.01	7.00
1	1728.45	0.75	1.00
1	1729.21	0.00	5.00
1	1729.21	0.75	1.00
1	1729.96	0.00	5.00
1	1729.96	0.75	1.00
1	1730.70	0.00	5.00
1	1730.70	0.74	1.00
1	1731.45	0.00	5.00
1	1731.45	0.75	1.00
1	1732.19	0.00	5.00
1	1732.19	0.76	1.00
1	1732.96	0.00	5.00
1	1732.96	0.75	1.00
1	1733.71	0.01	5.00
1	1733.71	0.75	1.00
1	1734.46	0.00	5.00
1	1734.46	0.75	1.00
1	1735.21	0.00	5.00
1	1735.21	0.75	1.00
1	1735.96	0.00	5.00
1	1735.96	0.76	1.00
1	1736.71	0.00	5.00
1	1736.71	0.75	1.00
1	1737.46	0.00	5.00
1	1737.46	0.75	1.00
1	1738.21	0.00	5.00
1	1738.21	0.75	1.00
1	1738.96	0.00	5.00
1	1738.96	0.75	1.00
1	1739.71	0.00	5.00
1	1739.71	0.76	1.00
1	1740.47	0.00	5.00
1	1740.47	0.75	1.00
1	1741.22	0.00	5.00
1	1741.22	0.75	1.00
1	1741.97	0.00	5.00
1	1741.97	0.75	1.00
1	1742.72	0.00	5.00
1	1742.72	0.75	1.00
1	1743.47	0.00	5.00
1	1743.47	0.75	1.00
1	1744.21	0.00	5.00
1	1744.21	0.78	1.00
1	1744.99	0.00	5.00
1	1744.99	0.75	1.00
1	1745.75	0.00	5.00
1	1745.75	0.75	1.00
1	1746.50	0.00	5.00
1	1746.50	0.75	1.00
1	1747.25	0.00	5.00
1	1747.25	0.76	1.00
1	1748.01	0.00	5.00
1	1748.01	0.77	1.00
1	1748.77	0.00	5.00
1	1748.77	0.75	1.00
1	1749.53	0.00	5.00
1	1749.53	0.75	1.00
1	1750.28	0.00	5.00
1	1750.28	0.75	1.00
1	1751.03	0.00	5.00
1	1751.03	0.75	1.00
1	1751.78	0.00	5.00
1	1751.78	0.76	1.00
1	1752.54	0.00	5.00
1	1752.54	0.75	1.00
1	1753.29	0.00	5.00
1	1753.29	0.75	1.00
1	1754.04	0.00	5.00
1	1754.04	0.75	1.00
1	1754.79	0.00	5.00
1	1754.79	0.75	1.00
1	1755.54	0.00	5.00
1	1755.54	0.77	1.00
1	1756.31	0.00	5.00
1	1756.31	0.75	1.00
1	1757.06	0.00	5.00
1	1757.06	0.75	1.00
1	1757.81	0.00	5.00
1	1757.81	0.75	1.00
1	1758.56	0.00	5.00
1	1758.57	0.75	1.00
1	1759.31	0.00	5.00
1	1759.31	0.75	1.00
1	1760.07	0.00	5.00
1	1760.07	0.76	1.00
1	1760.83	0.00	5.00
1	1760.83	0.76	1.00
1	1761.59	0.00	5.00
1	1761.59	0.75	1.00
1	1762.34	0.00	5.00
1	1762.34	0.75	1.00
1	1763.09	0.00	5.00
1	1763.09	0.75	1.00
1	1763.84	0.00	5.00
1	1763.84	0.76	1.00
1	1764.61	0.00	5.00
1	1764.61	0.75	1.00
1	1765.36	0.00	5.00
1	1765.36	0.75	1.00
1	1766.11	0.00	5.00
1	1766.11	0.75	1.00
1	1766.86	0.00	5.00
1	1766.86	0.75	1.00
1	1767.61	0.00	5.00
1	1767.61	0.77	1.00
1	1768.38	0.00	5.00
1	1768.38	0.75	1.00
1	1769.13	0.00	5.00
1	1769.13	0.75	1.00
1	1769.88	0.00	5.00
1	1769.88	0.75	1.00
1	1770.63	0.00	5.00
1	1770.63	0.75	1.00
1	1771.38	0.00	5.00
1	1771.38	0.75	1.00
1	1772.13	0.00	5.00
1	1772.13	0.76	1.00
1	1772.89	0.00	5.00
1	1772.90	0.75	1.00
1	1773.65	0.00	5.00
1	1773.65	0.75	1.00
1	1774.40	0.00	5.00
1	1774.40	0.75	1.00
1	1775.15	0.01	5.00
1	1775.15	0.75	1.00
1	1775.91	0.00	5.00
1	1775.91	0.77	1.00
1	1776.67	0.00	5.00
1	1776.67	0.75	1.00
1	1777.43	0.00	5.00
1	1777.43	0.75	1.00
1	1778.18	0.00	5.00
1	1778.18	0.75	1.00
1	1778.93	0.00	5.00
1	1778.93	0.75	1.00
1	1779.68	0.00	5.00
1	1779.68	0.77	1.00
1	1780.45	0.00	5.00
1	1780.45	0.75	1.00
1	1781.20	0.00	5.00
1	1781.20	0.76	1.00
1	1781.96	0.00	5.00
1	1781.96	0.75	1.00
1	1782.71	0.00	5.00
1	1782.71	0.75	1.00
1	1783.46	0.00	5.00
1	1783.46	0.75	1.00
1	1784.21	0.00	5.00
1	1784.21	0.76	1.00
1	1784.98	0.00	5.00
1	1784.98	0.75	1.00
1	1785.73	0.00	5.00
1	1785.73	0.75	1.00
1	1786.48	0.00	5.00
1	1786.48	0.75	1.00
1	1787.23	0.00	5.00
1	1787.23	0.75	1.00
1	1787.98	0.00	5.00
1	1787.98	0.76	1.00
1	1788.75	0.01	5.00
1	1788.75	0.75	1.00
1	1789.50	0.00	5.00
1	1789.50	0.75	1.00
1	1790.26	0.00	5.00
1	1790.26	0.75	1.00
1	1791.01	0.00	5.00
1	1791.01	0.75	1.00
1	1791.76	0.00	5.00
1	1791.76	0.77	1.00
1	1792.53	0.00	5.00
1	1792.53	0.75	1.00
1	1793.28	0.00	5.00
1	1793.28	0.75	1.00
1	1794.04	0.00	5.00
1	1794.04	0.75	1.00
1	1794.79	0.00	5.00
1	1794.79	0.75	1.00
1	1795.54	0.00	5.00
1	1795.54	0.76	1.00
1	1796.30	0.00	5.00
1	1796.30	0.75	1.00
1	1797.05	0.00	5.00
1	1797.05	0.75	1.00
1	1797.80	0.00	5.00
1	1797.80	0.75	1.00
1	1798.55	0.00	5.00
1	1798.55	0.75	1.00
1	1799.30	0.00	5.00
1	1799.30	0.75	1.00
1	1800.05	0.00	5.00
1	1800.05	0.76	1.00
1	1800.82	0.00	5.00
1	1800.82	0.75	1.00
1	1801.57	0.00	5.00
1	1801.57	0.75	1.00
1	1802.33	0.00	5.00
1	1802.33	0.76	1.00
1	1803.09	0.00	5.00
1	1803.09	0.75	1.00
1	1803.84	0.00	5.00
1	1803.84	0.77	1.00
1	1804.61	0.00	5.00
1	1804.62	0.75	1.00
1	1805.37	0.00	5.00
1	1805.37	0.75	1.00
1	1806.12	0.00	5.00
1	1806.12	0.75	1.00
1	1806.87	0.00	5.00
1	1806.87	0.75	1.00
1	1807.62	0.00	5.00
1	1807.62	0.76	1.00
1	1808.38	0.00	5.00
1	1808.38	0.75	1.00
1	1809.14	0.00	5.00
1	1809.14	0.75	1.00
1	1809.89	0.00	5.00
1	1809.89	0.75	1.00
1	1810.64	0.00	5.00
1	1810.64	0.75	1.00
1	1811.39	0.00	5.00
1	1811.39	0.75	1.00
1	1812.14	0.00	5.00
1	1812.14	0.76	1.00
1	1812.90	0.00	5.00
1	1812.90	0.75	1.00
1	1813.65	0.00	5.00
1	1813.65	0.75	1.00
1	1814.40	0.00	5.00
1	1814.40	0.75	1.00
1	1815.16	0.00	5.00
1	1815.16	0.75	1.00
1	1815.91	0.00	5.00
1	1815.91	0.78	1.00
1	1816.68	0.00	5.00
1	1816.69	0.75	1.00
1	1817.44	0.00	5.00
1	1817.44	0.75	1.00
1	1818.19	0.00	5.00
1	1818.19	0.75	1.00
1	1818.94	0.00	5.00
1	1818.94	0.75	1.00
1	1819.69	0.00	5.00
1	1819.69	0.76	1.00
1	1820.46	0.00	5.00
1	1820.46	0.75	1.00
1	1821.21	0.00	5.00
1	1821.21	0.75	1.00
1	1821.96	0.00	5.00
1	1821.96	0.75	1.00
1	1822.71	0.00	5.00
1	1822.71	0.75	1.00
1	1823.46	0.00	5.00
1	1823.46	0.75	1.00
1	1824.21	0.00	5.00
1	1824.21	0.76	1.00
1	1824.97	0.00	5.00
1	1824.98	0.75	1.00
1	1825.73	0.00	5.00
1	1825.73	0.75	1.00
1	1826.48	0.00	5.00
1	1826.48	0.75	1.00
1	1827.23	0.00	5.00
1	1827.23	0.75	1.00
1	1827.98	0.00	5.00
1	1827.98	0.77	1.00
1	1828.75	0.00	5.00
1	1828.75	0.75	1.00
1	1829.51	0.00	5.00
1	1829.51	0.76	1.00
1	1830.26	0.01	5.00
1	1830.27	0.75	1.00
1	1831.02	0.00	5.00
1	1831.02	0.75	1.00
1	1831.77	0.00	5.00
1	1831.77	0.76	1.00
1	1832.53	0.00	5.00
1	1832.54	0.75	1.00
1	1833.29	0.00	5.00
1	1833.29	0.75	1.00
1	1834.04	0.00	5.00
1	1834.04	0.75	1.00
1	1834.80	0.00	5.00
1	1834.80	0.75	1.00
1	1835.55	0.00	5.00
1	1835.55	0.76	1.00
1	1836.30	0.00	5.00
1	1836.30	0.75	1.00
1	1837.06	0.00	5.00
1	1837.06	0.75	1.00
1	1837.81	0.00	5.00
1	1837.81	0.75	1.00
1	1838.56	0.00	5.00
1	1838.56	0.75	1.00
1	1839.31	0.00	5.00
1	1839.31	0.75	1.00
1	1840.06	0.00	5.00
1	1840.06	0.77	1.00
1	1840.82	0.00	5.00
1	1840.82	0.75	1.00
1	1841.57	0.00	5.00
1	1841.57	0.75	1.00
1	1842.33	0.00	5.00
1	1842.33	0.75	1.00
1	1843.08	0.00	5.00
1	1843.08	0.75	1.00
1	1843.83	0.00	5.00
1	1843.83	0.77	1.00
1	1844.60	0.00	5.00
1	1844.60	0.75	1.00
1	1845.35	0.00	5.00
1	1845.35	0.75	1.00
1	1846.10	0.00	5.00
1	1846.10	0.75	1.00
1	1846.86	0.00	5.00
1	1846.86	0.75	1.00
1	1847.61	0.00	5.00
1	1847.61	0.76	1.00
1	1848.37	0.00	5.00
1	1848.37	0.75	1.00
1	1849.12	0.00	5.00
1	1849.12	0.75	1.00
1	1849.87	0.00	5.00
1	1849.87	0.75	1.00
1	1850.62	0.00	5.00
1	1850.62	0.75	1.00
1	1851.37	0.00	5.00
1	1851.37	0.75	1.00
1	1852.12	0.00	5.00
1	1852.12	0.77	1.00
1	1852.89	0.00	5.00
1	1852.89	0.75	1.00
1	1853.64	0.00	5.00
1	1853.65	0.75	1.00
1	1854.39	0.00	5.00
1	1854.39	0.75	1.00
1	1855.14	0.00	5.00
1	1855.14	0.75	1.00
1	1855.89	0.00	5.00
1	1855.89	0.76	1.00
1	1856.66	0.00	5.00
1	1856.66	0.75	1.00
1	1857.41	0.00	5.00
1	1857.41	0.76	1.00
1	1858.17	0.00	5.00
1	1858.17	0.75	1.00
1	1858.92	0.00	5.00
1	1858.92	0.75	1.00
1	1859.67	0.00	5.00
1	1859.67	0.77	1.00
1	1860.43	0.00	5.00
1	1860.43	0.75	1.00
1	1861.18	0.00	5.00
1	1861.18	0.75	1.00
1	1861.94	0.00	5.00
1	1861.94	0.75	1.00
1	1862.69	0.00	5.00
1	1862.69	0.75	1.00
1	1863.44	0.00	5.00
1	1863.44	0.75	1.00
1	1864.19	0.00	5.00
1	1864.19	0.77	1.00
1	1864.96	0.00	5.00
1	1864.96	0.75	1.00
1	1865.71	0.00	5.00
1	1865.71	0.76	1.00
1	1866.47	0.00	5.00
1	1866.47	0.75	1.00
1	1867.22	0.00	5.00
1	1867.22	0.75	1.00
1	1867.97	0.00	5.00
1	1867.97	0.76	1.00
1	1868.73	0.00	5.00
1	1868.73	0.75	1.00
1	1869.48	0.00	5.00
1	1869.48	0.75	1.00
1	1870.24	0.00	5.00
1	1870.24	0.75	1.00
1	1870.99	0.00	5.00
1	1870.99	0.75	1.00
1	1871.74	0.01	5.00
1	1871.74	0.78	1.00
1	1872.52	0.00	5.00
1	1872.52	0.75	1.00
1	1873.28	0.00	5.00
1	1873.28	0.75	1.00
1	1874.03	0.00	5.00
1	1874.03	0.75	1.00
1	1874.78	0.00	5.00
1	1874.78	0.75	1.00
1	1875.53	0.00	5.00
1	1875.54	0.86	1.00
1	1876.39	0.00	5.00
1	1876.39	0.76	1.00
1	1877.15	0.00	5.00
1	1877.15	0.75	1.00
1	1877.90	0.00	5.00
1	1877.90	0.75	1.00
1	1878.65	0.00	5.00
1	1878.65	0.75	1.00
1	1879.40	0.00	5.00
1	1879.40	0.75	1.00
1	1880.15	0.00	5.00
1	1880.15	0.76	1.00
1	1880.91	0.00	5.00
1	1880.91	0.75	1.00
1	1881.66	0.00	5.00
1	1881.66	0.75	1.00
1	1882.41	0.00	5.00
1	1882.41	0.75	1.00
1	1883.17	0.00	5.00
1	1883.17	0.75	1.00
1	1883.92	0.00	5.00
1	1883.92	0.76	1.00
1	1884.68	0.00	5.00
1	1884.68	0.75	1.00
1	1885.43	0.01	5.00
1	1885.44	0.75	1.00
1	1886.20	0.00	5.00
1	1886.20	0.75	1.00
1	1886.95	0.00	5.00
1	1886.95	0.75	1.00
1	1887.70	0.00	5.00
1	1887.70	0.78	1.00
1	1888.48	0.00	5.00
1	1888.48	0.75	1.00
1	1889.23	0.00	5.00
1	1889.23	0.75	1.00
1	1889.98	0.00	5.00
1	1889.98	0.75	1.00
1	1890.73	0.00	5.00
1	1890.73	0.75	1.00
1	1891.48	0.00	5.00
1	1891.48	0.75	1.00
1	1892.23	0.00	5.00
1	1892.23	0.76	1.00
1	1892.99	0.00	5.00
1	1892.99	0.76	1.00
1	1893.74	0.00	5.00
1	1893.74	0.75	1.00
1	1894.50	0.00	5.00
1	1894.50	0.75	1.00
1	1895.25	0.00	5.00
1	1895.25	0.75	1.00
1	1896.00	0.00	5.00
1	1896.00	0.77	1.00
1	1896.77	0.00	5.00
1	1896.77	0.75	1.00
1	1897.52	0.00	5.00
1	1897.52	0.75	1.00
1	1898.28	0.00	5.00
1	1898.28	0.75	1.00
1	1899.03	0.00	5.00
1	1899.03	0.76	1.00
1	1899.79	0.00	5.00
1	1899.79	0.78	1.00
1	1900.56	0.00	5.00
1	1900.57	0.75	1.00
1	1901.32	0.00	5.00
1	1901.32	0.76	1.00
1	1902.08	0.00	5.00
1	1902.08	0.75	1.00
1	1902.83	0.00	5.00
1	1902.83	0.75	1.00
1	1903.58	0.00	5.00
1	1903.58	0.76	1.00
1	1904.34	0.00	5.00
1	1904.34	0.75	1.00
1	1905.09	0.00	5.00
1	1905.09	0.75	1.00
1	1905.85	0.00	5.00
1	1905.85	0.75	1.00
1	1906.60	0.00	5.00
1	1906.60	0.75	1.00
1	1907.35	0.00	5.00
1	1907.35	0.75	1.00
1	1908.11	0.00	5.00
1	1908.11	0.76	1.00
1	1908.87	0.00	5.00
1	1908.87	0.76	1.00
1	1909.63	0.00	5.00
1	1909.63	0.75	1.00
1	1910.38	0.00	5.00
1	1910.38	0.75	1.00
1	1911.13	0.00	5.00
1	1911.13	0.75	1.00
1	1911.88	0.00	5.00
1	1911.88	0.78	1.00
1	1912.67	0.00	5.00
1	1912.67	0.76	1.00
1	1913.43	0.00	5.00
1	1913.43	0.75	1.00
1	1914.18	0.00	5.00
1	1914.18	0.75	1.00
1	1914.94	0.00	5.00
1	1914.94	0.75	1.00
1	1915.69	0.00	5.00
1	1915.69	0.77	1.00
1	1916.45	0.00	5.00
1	1916.45	0.75	1.00
1	1917.20	0.00	5.00
1	1917.20	0.75	1.00
1	1917.96	0.00	5.00
1	1917.96	0.75	1.00
1	1918.71	0.00	5.00
1	1918.71	0.75	1.00
1	1919.46	0.00	5.00
1	1919.46	0.75	1.00
1	1920.21	0.00	5.00
1	1920.21	0.76	1.00
1	1920.97	0.00	5.00
1	1920.97	0.75	1.00
1	1921.72	0.00	5.00
1	1921.72	0.00	1.00
1	1921.72	0.01	7.00
1	1921.73	0.02	1.00
1	1921.74	0.01	7.00
1	1921.75	1.48	1.00
1	1923.24	0.00	5.00
1	1923.24	1.35	1.00
1	1924.59	0.00	5.00
1	1924.59	1.33	1.00
1	1925.92	0.00	5.00
1	1925.92	1.33	1.00
1	1927.26	0.00	5.00
1	1927.26	1.34	1.00
1	1928.60	0.00	5.00
1	1928.60	1.33	1.00
1	1929.93	0.00	5.00
1	1929.93	1.32	1.00
1	1931.25	0.00	5.00
1	1931.25	1.34	1.00
1	1932.59	0.00	5.00
1	1932.59	1.33	1.00
1	1933.92	0.00	5.00
1	1933.92	1.32	1.00
1	1935.24	0.00	5.00
1	1935.24	1.34	1.00
1	1936.58	0.00	5.00
1	1936.58	1.33	1.00
1	1937.91	0.00	5.00
1	1937.91	1.32	1.00
1	1939.23	0.00	5.00
1	1939.23	1.33	1.00
1	1940.56	0.00	5.00
1	1940.56	1.32	1.00
1	1941.89	0.00	5.00
1	1941.89	1.32	1.00
1	1943.21	0.00	5.00
1	1943.21	1.34	1.00
1	1944.54	0.00	5.00
1	1944.54	1.32	1.00
1	1945.87	0.00	5.00
1	1945.87	1.33	1.00
1	1947.19	0.00	5.00
1	1947.19	1.34	1.00
1	1948.53	0.00	5.00
1	1948.54	1.33	1.00
1	1949.86	0.00	5.00
1	1949.86	1.33	1.00
1	1951.19	0.00	5.00
1	1951.19	1.33	1.00
1	1952.53	0.00	5.00
1	1952.53	1.33	1.00
1	1953.86	0.00	5.00
1	1953.86	1.32	1.00
1	1955.18	0.00	5.00
1	1955.18	1.33	1.00
1	1956.51	0.00	5.00
1	1956.51	1.32	1.00
1	1957.84	0.00	5.00
1	1957.84	1.32	1.00
1	1959.16	0.00	5.00
1	1959.16	1.35	1.00
1	1960.51	0.00	5.00
1	1960.51	1.33	1.00
1	1961.84	0.00	5.00
1	1961.84	1.33	1.00
1	1963.17	0.00	5.00
1	1963.17	1.34	1.00
1	1964.51	0.00	5.00
1	1964.51	1.33	1.00
1	1965.84	0.00	5.00
1	1965.84	1.33	1.00
1	1967.17	0.00	5.00
1	1967.17	1.33	1.00
1	1968.50	0.00	5.00
1	1968.50	1.32	1.00
1	1969.82	0.00	5.00
1	1969.82	1.32	1.00
1	1971.15	0.00	5.00
1	1971.15	1.34	1.00
1	1972.48	0.00	5.00
1	1972.48	1.33	1.00
1	1973.81	0.00	5.00
1	1973.81	1.32	1.00
1	1975.13	0.00	5.00
1	1975.13	1.34	1.00
1	1976.47	0.00	5.00
1	1976.47	1.33	1.00
1	1977.80	0.00	5.00
1	1977.80	1.33	1.00
1	1979.13	0.00	5.00
1	1979.13	1.34	1.00
1	1980.47	0.00	5.00
1	1980.47	1.33	1.00
1	1981.81	0.00	5.00
1	1981.81	1.35	1.00
1	1983.15	0.00	5.00
1	1983.15	1.34	1.00
1	1984.49	0.00	5.00
1	1984.49	1.32	1.00
1	1985.81	0.00	5.00
1	1985.81	1.32	1.00
1	1987.14	0.00	5.00
1	1987.14	1.33	1.00
1	1988.46	0.00	5.00
1	1988.46	1.33	1.00
1	1989.79	0.00	5.00
1	1989.79	1.33	1.00
1	1991.12	0.00	5.00
1	1991.12	1.34	1.00
1	1992.46	0.00	5.00
1	1992.46	1.33	1.00
1	1993.79	0.00	5.00
1	1993.79	1.33	1.00
1	1995.12	0.00	5.00
1	1995.12	1.34	1.00
1	1996.45	0.00	5.00
1	1996.46	1.33	1.00
1	1997.78	0.00	5.00
1	1997.78	1.32	1.00
1	1999.10	0.00	5.00
1	1999.10	1.36	1.00
1	2000.47	0.00	5.00
1	2000.47	1.32	1.00
1	2001.79	0.01	5.00
1	2001.80	1.32	1.00
1	2003.12	0.00	5.00
1	2003.12	1.33	1.00
1	2004.45	0.00	5.00
1	2004.46	1.32	1.00
1	2005.78	0.00	5.00
1	2005.78	1.32	1.00
1	2007.10	0.00	5.00
1	2007.10	1.34	1.00
1	2008.44	0.00	5.00
1	2008.44	1.32	1.00
1	2009.76	0.00	5.00
1	2009.76	1.32	1.00
1	2011.09	0.00	5.00
1	2011.09	1.33	1.00
1	2012.42	0.00	5.00
1	2012.42	1.33	1.00
1	2013.75	0.00	5.00
1	2013.75	1.33	1.00
1	2015.08	0.00	5.00
1	2015.08	1.33	1.00
1	2016.41	0.00	5.00
1	2016.41	1.32	1.00
1	2017.73	0.00	5.00
1	2017.73	1.32	1.00
1	2019.05	0.00	5.00
1	2019.05	1.34	1.00
1	2020.39	0.00	5.00
1	2020.39	1.32	1.00
1	2021.71	0.00	5.00
1	2021.71	1.32	1.00
1	2023.03	0.00	5.00
1	2023.03	1.34	1.00
1	2024.38	0.00	5.00
1	2024.38	1.33	1.00
1	2025.71	0.01	5.00
1	2025.72	1.32	1.00
1	2027.04	0.00	5.00
1	2027.04	1.33	1.00
1	2028.37	0.00	5.00
1	2028.37	1.32	1.00
1	2029.69	0.00	5.00
1	2029.69	1.32	1.00
1	2031.01	0.00	5.00
1	2031.01	1.34	1.00
1	2032.35	0.00	5.00
1	2032.35	1.33	1.00
1	2033.68	0.00	5.00
1	2033.68	1.32	1.00
1	2035.00	0.00	5.00
1	2035.00	1.33	1.00
1	2036.33	0.00	5.00
1	2036.33	1.32	1.00
1	2037.66	0.00	5.00
1	2037.66	1.32	1.00
1	2038.98	0.00	5.00
1	2038.98	1.33	1.00
1	2040.31	0.00	5.00
1	2040.32	1.32	1.00
1	2041.64	0.00	5.00
1	2041.64	1.32	1.00
1	2042.96	0.00	5.00
1	2042.96	1.34	1.00
1	2044.30	0.00	5.00
1	2044.30	1.32	1.00
1	2045.62	0.00	5.00
1	2045.62	1.32	1.00
1	2046.94	0.00	5.00
1	2046.94	1.33	1.00
1	2048.28	0.00	5.00
1	2048.28	1.32	1.00
1	2049.60	0.00	5.00
1	2049.60	1.33	1.00
1	2050.93	0.00	5.00
1	2050.93	1.33	1.00
1	2052.26	0.00	5.00
1	2052.26	1.32	1.00
1	2053.58	0.00	5.00
1	2053.58	1.32	1.00
1	2054.91	0.00	5.00
1	2054.91	1.32	1.00
1	2056.23	0.00	5.00
1	2056.23	1.34	1.00
1	2057.57	0.00	5.00
1	2057.57	1.32	1.00
1	2058.89	0.00	5.00
1	2058.89	1.32	1.00
1	2060.21	0.00	5.00
1	2060.21	1.33	1.00
1	2061.55	0.00	5.00
1	2061.55	1.33	1.00
1	2062.87	0.00	5.00
1	2062.87	1.33	1.00
1	2064.21	0.00	5.00
1	2064.21	1.34	1.00
1	2065.55	0.00	5.00
1	2065.55	1.33	1.00
1	2066.88	0.00	5.00
1	2066.88	1.33	1.00
1	2068.22	0.00	5.00
1	2068.22	1.34	1.00
1	2069.56	0.00	5.00
1	2069.56	1.33	1.00
1	2070.88	0.00	5.00
1	2070.88	1.33	1.00
1	2072.21	0.00	5.00
1	2072.21	1.33	1.00
1	2073.54	0.00	5.00
1	2073.54	1.34	1.00
1	2074.88	0.00	5.00
1	2074.88	1.33	1.00
1	2076.21	0.00	5.00
1	2076.21	1.34	1.00
1	2077.55	0.00	5.00
1	2077.55	1.33	1.00
1	2078.88	0.00	5.00
1	2078.88	1.33	1.00
1	2080.21	0.00	5.00
1	2080.21	1.34	1.00
1	2081.55	0.00	5.00
1	2081.55	1.34	1.00
1	2082.88	0.00	5.00
1	2082.89	1.33	1.00
1	2084.22	0.00	5.00
1	2084.22	1.33	1.00
1	2085.55	0.00	5.00
1	2085.55	1.32	1.00
1	2086.88	0.00	5.00
1	2086.88	1.33	1.00
1	2088.20	0.00	5.00
1	2088.20	1.34	1.00
1	2089.54	0.00	5.00
1	2089.54	1.33	1.00
1	2090.87	0.00	5.00
1	2090.87	1.33	1.00
1	2092.19	0.00	5.00
1	2092.19	1.34	1.00
1	2093.54	0.00	5.00
1	2093.54	1.32	1.00
1	2094.86	0.00	5.00
1	2094.86	1.33	1.00
1	2096.19	0.00	5.00
1	2096.19	1.33	1.00
1	2097.52	0.00	5.00
1	2097.52	1.32	1.00
1	2098.85	0.01	5.00
1	2098.85	1.32	1.00
1	2100.17	0.00	5.00
1	2100.17	1.33	1.00
1	2101.51	0.00	5.00
1	2101.51	1.33	1.00
1	2102.83	0.00	5.00
1	2102.84	1.33	1.00
1	2104.17	0.00	5.00
1	2104.17	1.35	1.00
1	2105.52	0.00	5.00
1	2105.52	1.33	1.00
1	2106.85	0.00	5.00
1	2106.85	1.32	1.00
1	2108.17	0.00	5.00
1	2108.17	1.34	1.00
1	2109.51	0.00	5.00
1	2109.51	1.32	1.00
1	2110.83	0.00	5.00
1	2110.83	1.33	1.00
1	2112.16	0.00	5.00
1	2112.16	1.33	1.00
1	2113.50	0.00	5.00
1	2113.50	1.33	1.00
1	2114.83	0.00	5.00
1	2114.83	1.33	1.00
1	2116.16	0.00	5.00
1	2116.16	1.34	1.00
1	2117.50	0.00	5.00
1	2117.50	1.33	1.00
1	2118.83	0.00	5.00
1	2118.83	1.33	1.00
1	2120.16	0.00	5.00
1	2120.16	1.35	1.00
1	2121.51	0.00	5.00
1	2121.51	1.33	1.00
1	2122.84	0.00	5.00
1	2122.84	1.33	1.00
1	2124.17	0.00	5.00
1	2124.17	1.34	1.00
1	2125.51	0.00	5.00
1	2125.51	1.32	1.00
1	2126.84	0.00	5.00
1	2126.84	1.33	1.00
1	2128.17	0.00	5.00
1	2128.17	1.36	1.00
1	2129.53	0.00	5.00
1	2129.53	1.33	1.00
1	2130.86	0.00	5.00
1	2130.86	1.33	1.00
1	2132.19	0.00	5.00
1	2132.19	1.34	1.00
1	2133.53	0.00	5.00
1	2133.53	1.33	1.00
1	2134.86	0.00	5.00
1	2134.86	1.34	1.00
1	2136.20	0.00	5.00
1	2136.20	1.34	1.00
1	2137.53	0.00	5.00
1	2137.54	1.33	1.00
1	2138.86	0.00	5.00
1	2138.86	1.33	1.00
1	2140.19	0.00	5.00
1	2140.19	1.35	1.00
1	2141.54	0.00	5.00
1	2141.54	1.33	1.00
1	2142.87	0.00	5.00
1	2142.87	1.33	1.00
1	2144.20	0.00	5.00
1	2144.20	1.34	1.00
1	2145.55	0.00	5.00
1	2145.55	1.34	1.00
1	2146.89	0.00	5.00
1	2146.89	1.34	1.00
1	2148.23	0.00	5.00
1	2148.23	1.33	1.00
1	2149.56	0.00	5.00
1	2149.56	1.33	1.00
1	2150.89	0.00	5.00
1	2150.89	1.33	1.00
1	2152.21	0.00	5.00
1	2152.22	1.34	1.00
1	2153.56	0.00	5.00
1	2153.56	1.33	1.00
1	2154.89	0.00	5.00
1	2154.89	1.33	1.00
1	2156.21	0.00	5.00
1	2156.21	1.34	1.00
1	2157.55	0.00	5.00
1	2157.55	1.33	1.00
1	2158.88	0.00	5.00
1	2158.88	1.32	1.00
1	2160.20	0.00	5.00
1	2160.20	1.33	1.00
1	2161.54	0.00	5.00
1	2161.54	1.32	1.00
1	2162.86	0.00	5.00
1	2162.86	1.33	1.00
1	2164.18	0.00	5.00
1	2164.19	1.35	1.00
1	2165.53	0.00	5.00
1	2165.53	1.33	1.00
1	2166.86	0.00	5.00
1	2166.86	1.33	1.00
1	2168.19	0.00	5.00
1	2168.19	1.34	1.00
1	2169.53	0.00	5.00
1	2169.53	1.33	1.00
1	2170.86	0.00	5.00
1	2170.86	1.33	1.00
1	2172.20	0.01	5.00
1	2172.20	1.34	1.00
1	2173.54	0.00	5.00
1	2173.54	1.33	1.00
1	2174.88	0.00	5.00
1	2174.88	1.33	1.00
1	2176.21	0.00	5.00
1	2176.21	1.34	1.00
1	2177.55	0.00	5.00
1	2177.55	1.33	1.00
1	2178.87	0.00	5.00
1	2178.87	1.33	1.00
1	2180.20	0.00	5.00
1	2180.20	1.34	1.00
1	2181.54	0.00	5.00
1	2181.54	1.33	1.00
1	2182.87	0.00	5.00
1	2182.87	1.36	1.00
1	2184.23	0.00	5.00
1	2184.23	1.34	1.00
1	2185.57	0.00	5.00
1	2185.57	1.33	1.00
1	2186.90	0.00	5.00
1	2186.90	1.33	1.00
1	2188.24	0.00	5.00
1	2188.24	1.34	1.00
1	2189.58	0.00	5.00
1	2189.58	1.33	1.00
1	2190.92	0.00	5.00
1	2190.92	2.42	1.00
1	2193.33	0.02	5.00
1	2193.35	1.34	1.00
1	2194.69	0.00	5.00
1	2194.69	1.33	1.00
1	2196.02	0.00	5.00
1	2196.02	1.34	1.00
1	2197.37	0.01	5.00
1	2197.37	1.33	1.00
1	2198.70	0.00	5.00
1	2198.70	1.33	1.00
1	2200.03	0.00	5.00
1	2200.03	1.34	1.00
1	2201.37	0.00	5.00
1	2201.37	1.33	1.00
1	2202.71	0.00	5.00
1	2202.71	1.33	1.00
1	2204.03	0.00	5.00
1	2204.03	1.34	1.00
1	2205.37	0.00	5.00
1	2205.37	1.33	1.00
1	2206.70	0.00	5.00
1	2206.70	1.32	1.00
1	2208.02	0.00	5.00
1	2208.02	1.33	1.00
1	2209.35	0.00	5.00
1	2209.35	1.32	1.00
1	2210.67	0.00	5.00
1	2210.67	1.32	1.00
1	2212.00	0.00	5.00
1	2212.00	1.34	1.00
1	2213.33	0.00	5.00
1	2213.33	1.33	1.00
1	2214.66	0.00	5.00
1	2214.67	1.33	1.00
1	2215.99	0.00	5.00
1	2215.99	1.36	1.00
1	2217.35	0.00	5.00
1	2217.35	1.33	1.00
1	2218.68	0.00	5.00
1	2218.68	1.33	1.00
1	2220.01	0.00	5.00
1	2220.01	1.33	1.00
1	2221.34	0.00	5.00
1	2221.34	1.34	1.00
1	2222.68	0.00	5.00
1	2222.68	1.37	1.00
1	2224.05	0.00	5.00
1	2224.05	1.34	1.00
1	2225.39	0.00	5.00
1	2225.40	1.33	1.00
1	2226.72	0.00	5.00
1	2226.72	1.33	1.00
1	2228.05	0.00	5.00
1	2228.05	1.33	1.00
1	2229.39	0.00	5.00
1	2229.39	1.33	1.00
1	2230.71	0.00	5.00
1	2230.71	1.32	1.00
1	2232.03	0.00	5.00
1	2232.04	1.33	1.00
1	2233.37	0.00	5.00
1	2233.37	1.32	1.00
1	2234.68	0.00	5.00
1	2234.69	1.32	1.00
1	2236.01	0.00	5.00
1	2236.01	1.33	1.00
1	2237.34	0.00	5.00
1	2237.34	1.32	1.00
1	2238.66	0.00	5.00
1	2238.66	1.32	1.00
1	2239.99	0.00	5.00
1	2239.99	1.36	1.00
1	2241.35	0.00	5.00
1	2241.35	1.32	1.00
1	2242.67	0.00	5.00
1	2242.67	1.32	1.00
1	2244.00	0.00	5.00
1	2244.00	1.33	1.00
1	2245.33	0.00	5.00
1	2245.33	1.33	1.00
1	2246.65	0.00	5.00
1	2246.66	1.32	1.00
1	2247.97	0.00	5.00
1	2247.97	1.35	1.00
1	2249.33	0.00	5.00
1	2249.33	1.32	1.00
1	2250.65	0.00	5.00
1	2250.65	1.33	1.00
1	2251.98	0.00	5.00
1	2251.98	1.35	1.00
1	2253.32	0.00	5.00
1	2253.32	1.33	1.00
1	2254.66	0.00	5.00
1	2254.66	1.33	1.00
1	2255.99	0.00	5.00
1	2255.99	1.34	1.00
1	2257.33	0.00	5.00
1	2257.33	1.32	1.00
1	2258.65	0.00	5.00
1	2258.65	1.32	1.00
1	2259.98	0.00	5.00
1	2259.98	1.35	1.00
1	2261.33	0.00	5.00
1	2261.33	1.32	1.00
1	2262.65	0.00	5.00
1	2262.65	1.32	1.00
1	2263.97	0.00	5.00
1	2263.97	0.00	1.00
1	2263.98	0.06	7.00
1	2264.04	0.07	1.00
1	2264.11	0.03	7.00
1	2264.13	0.41	1.00
1	2264.54	0.00	5.00
1	2264.54	0.38	1.00
1	2264.93	0.00	5.00
1	2264.93	0.39	1.00
1	2265.32	0.01	5.00
1	2265.32	0.39	1.00
1	2265.71	0.00	5.00
1	2265.71	0.39	1.00
1	2266.10	0.00	5.00
1	2266.10	0.39	1.00
1	2266.49	0.00	5.00
1	2266.49	0.39	1.00
1	2266.88	0.00	5.00
1	2266.88	0.39	1.00
1	2267.27	0.00	5.00
1	2267.27	0.39	1.00
1	2267.66	0.00	5.00
1	2267.66	0.39	1.00
1	2268.05	0.00	5.00
1	2268.05	0.41	1.00
1	2268.46	0.00	5.00
1	2268.46	0.39	1.00
1	2268.86	0.00	5.00
1	2268.86	0.40	1.00
1	2269.25	0.00	5.00
1	2269.25	0.40	1.00
1	2269.65	0.00	5.00
1	2269.65	0.40	1.00
1	2270.05	0.00	5.00
1	2270.05	0.40	1.00
1	2270.44	0.00	5.00
1	2270.44	0.40	1.00
1	2270.84	0.00	5.00
1	2270.84	0.40	1.00
1	2271.24	0.00	5.00
1	2271.24	0.40	1.00
1	2271.63	0.00	5.00
1	2271.63	0.40	1.00
1	2272.03	0.00	5.00
1	2272.03	0.43	1.00
1	2272.46	0.00	5.00
1	2272.46	0.40	1.00
1	2272.87	0.00	5.00
1	2272.87	0.40	1.00
1	2273.26	0.00	5.00
1	2273.26	0.40	1.00
1	2273.66	0.00	5.00
1	2273.66	0.40	1.00
1	2274.06	0.00	5.00
1	2274.06	0.40	1.00
1	2274.46	0.00	5.00
1	2274.46	0.40	1.00
1	2274.85	0.00	5.00
1	2274.85	0.40	1.00
1	2275.25	0.00	5.00
1	2275.25	0.40	1.00
1	2275.65	0.00	5.00
1	2275.65	0.40	1.00
1	2276.05	0.00	5.00
1	2276.05	0.41	1.00
1	2276.45	0.00	5.00
1	2276.45	0.40	1.00
1	2276.85	0.00	5.00
1	2276.85	0.40	1.00
1	2277.25	0.00	5.00
1	2277.25	0.40	1.00
1	2277.64	0.00	5.00
1	2277.64	0.40	1.00
1	2278.04	0.00	5.00
1	2278.04	0.40	1.00
1	2278.44	0.00	5.00
1	2278.44	0.40	1.00
1	2278.84	0.00	5.00
1	2278.84	0.40	1.00
1	2279.24	0.00	5.00
1	2279.24	0.40	1.00
1	2279.63	0.00	5.00
1	2279.63	0.40	1.00
1	2280.04	0.00	5.00
1	2280.04	0.41	1.00
1	2280.45	0.00	5.00
1	2280.45	0.39	1.00
1	2280.84	0.00	5.00
1	2280.84	0.40	1.00
1	2281.24	0.00	5.00
1	2281.24	0.39	1.00
1	2281.64	0.00	5.00
1	2281.64	0.40	1.00
1	2282.03	0.00	5.00
1	2282.03	0.40	1.00
1	2282.43	0.00	5.00
1	2282.43	0.40	1.00
1	2282.83	0.00	5.00
1	2282.83	0.40	1.00
1	2283.23	0.00	5.00
1	2283.23	0.40	1.00
1	2283.63	0.00	5.00
1	2283.63	0.40	1.00
1	2284.02	0.00	5.00
1	2284.03	0.42	1.00
1	2284.45	0.00	5.00
1	2284.45	0.40	1.00
1	2284.85	0.00	5.00
1	2284.85	0.40	1.00
1	2285.25	0.00	5.00
1	2285.25	0.39	1.00
1	2285.65	0.00	5.00
1	2285.65	0.40	1.00
1	2286.04	0.00	5.00
1	2286.05	0.39	1.00
1	2286.44	0.00	5.00
1	2286.44	0.40	1.00
1	2286.84	0.00	5.00
1	2286.84	0.40	1.00
1	2287.24	0.01	5.00
1	2287.25	0.40	1.00
1	2287.65	0.00	5.00
1	2287.65	0.40	1.00
1	2288.04	0.00	5.00
1	2288.04	0.41	1.00
1	2288.45	0.00	5.00
1	2288.45	0.39	1.00
1	2288.85	0.00	5.00
1	2288.85	0.40	1.00
1	2289.24	0.00	5.00
1	2289.24	0.40	1.00
1	2289.64	0.00	5.00
1	2289.64	0.40	1.00
1	2290.04	0.00	5.00
1	2290.04	0.40	1.00
1	2290.44	0.00	5.00
1	2290.44	0.39	1.00
1	2290.83	0.00	5.00
1	2290.83	0.39	1.00
1	2291.22	0.00	5.00
1	2291.22	0.39	1.00
1	2291.62	0.00	5.00
1	2291.62	0.40	1.00
1	2292.02	0.00	5.00
1	2292.02	0.41	1.00
1	2292.43	0.00	5.00
1	2292.43	0.40	1.00
1	2292.83	0.00	5.00
1	2292.83	0.40	1.00
1	2293.23	0.00	5.00
1	2293.23	0.40	1.00
1	2293.62	0.00	5.00
1	2293.62	0.40	1.00
1	2294.02	0.00	5.00
1	2294.02	0.40	1.00
1	2294.42	0.01	5.00
1	2294.43	0.40	1.00
1	2294.83	0.00	5.00
1	2294.83	0.40	1.00
1	2295.23	0.00	5.00
1	2295.23	0.40	1.00
1	2295.62	0.00	5.00
1	2295.62	0.39	1.00
1	2296.02	0.00	5.00
1	2296.02	0.43	1.00
1	2296.45	0.00	5.00
1	2296.45	0.40	1.00
1	2296.85	0.00	5.00
1	2296.85	0.40	1.00
1	2297.25	0.00	5.00
1	2297.25	0.40	1.00
1	2297.65	0.00	5.00
1	2297.65	0.40	1.00
1	2298.05	0.00	5.00
1	2298.05	0.40	1.00
1	2298.45	0.00	5.00
1	2298.45	0.40	1.00
1	2298.85	0.00	5.00
1	2298.85	0.39	1.00
1	2299.24	0.00	5.00
1	2299.24	0.39	1.00
1	2299.63	0.00	5.00
1	2299.63	0.39	1.00
1	2300.03	0.00	5.00
1	2300.03	0.41	1.00
1	2300.44	0.00	5.00
1	2300.44	0.40	1.00
1	2300.84	0.00	5.00
1	2300.84	0.40	1.00
1	2301.24	0.00	5.00
1	2301.24	0.39	1.00
1	2301.63	0.00	5.00
1	2301.63	0.41	1.00
1	2302.04	0.00	5.00
1	2302.04	0.39	1.00
1	2302.44	0.00	5.00
1	2302.44	0.40	1.00
1	2302.84	0.00	5.00
1	2302.84	0.40	1.00
1	2303.24	0.00	5.00
1	2303.24	0.40	1.00
1	2303.63	0.00	5.00
1	2303.63	0.39	1.00
1	2304.03	0.00	5.00
1	2304.03	0.41	1.00
1	2304.44	0.00	5.00
1	2304.44	0.40	1.00
1	2304.84	0.00	5.00
1	2304.84	0.39	1.00
1	2305.23	0.00	5.00
1	2305.23	0.40	1.00
1	2305.63	0.00	5.00
1	2305.63	0.40	1.00
1	2306.02	0.00	5.00
1	2306.02	0.40	1.00
1	2306.42	0.00	5.00
1	2306.42	0.39	1.00
1	2306.81	0.00	5.00
1	2306.81	0.40	1.00
1	2307.21	0.00	5.00
1	2307.21	0.40	1.00
1	2307.61	0.00	5.00
1	2307.61	0.40	1.00
1	2308.01	0.00	5.00
1	2308.01	0.42	1.00
1	2308.43	0.00	5.00
1	2308.43	0.39	1.00
1	2308.83	0.00	5.00
1	2308.83	0.41	1.00
1	2309.23	0.00	5.00
1	2309.23	0.40	1.00
1	2309.63	0.00	5.00
1	2309.63	0.39	1.00
1	2310.02	0.00	5.00
1	2310.02	0.40	1.00
1	2310.42	0.00	5.00
1	2310.42	0.40	1.00
1	2310.82	0.00	5.00
1	2310.82	0.40	1.00
1	2311.22	0.00	5.00
1	2311.22	0.39	1.00
1	2311.61	0.00	5.00
1	2311.61	0.40	1.00
1	2312.01	0.00	5.00
1	2312.01	0.41	1.00
1	2312.42	0.00	5.00
1	2312.43	0.39	1.00
1	2312.82	0.00	5.00
1	2312.82	0.39	1.00
1	2313.21	0.00	5.00
1	2313.21	0.40	1.00
1	2313.61	0.00	5.00
1	2313.61	0.40	1.00
1	2314.01	0.00	5.00
1	2314.01	0.40	1.00
1	2314.41	0.00	5.00
1	2314.41	0.40	1.00
1	2314.81	0.00	5.00
1	2314.81	0.39	1.00
1	2315.20	0.00	5.00
1	2315.20	0.40	1.00
1	2315.60	0.00	5.00
1	2315.60	0.40	1.00
1	2316.00	0.00	5.00
1	2316.00	0.40	1.00
1	2316.40	0.01	5.00
1	2316.41	0.39	1.00
1	2316.80	0.00	5.00
1	2316.80	0.39	1.00
1	2317.20	0.00	5.00
1	2317.20	0.40	1.00
1	2317.60	0.00	5.00
1	2317.60	0.40	1.00
1	2318.00	0.00	5.00
1	2318.00	0.40	1.00
1	2318.39	0.00	5.00
1	2318.40	0.39	1.00
1	2318.79	0.00	5.00
1	2318.79	0.39	1.00
1	2319.18	0.00	5.00
1	2319.18	0.39	1.00
1	2319.58	0.00	5.00
1	2319.58	0.40	1.00
1	2319.98	0.00	5.00
1	2319.98	0.43	1.00
1	2320.40	0.00	5.00
1	2320.41	0.40	1.00
1	2320.81	0.00	5.00
1	2320.81	0.39	1.00
1	2321.20	0.00	5.00
1	2321.20	0.39	1.00
1	2321.59	0.00	5.00
1	2321.59	0.39	1.00
1	2321.98	0.00	5.00
1	2321.98	0.39	1.00
1	2322.38	0.00	5.00
1	2322.38	0.40	1.00
1	2322.77	0.00	5.00
1	2322.77	0.40	1.00
1	2323.17	0.00	5.00
1	2323.17	0.41	1.00
1	2323.58	0.00	5.00
1	2323.58	0.41	1.00
1	2323.98	0.00	5.00
1	2323.98	0.41	1.00
1	2324.39	0.00	5.00
1	2324.39	0.40	1.00
1	2324.79	0.00	5.00
1	2324.79	0.40	1.00
1	2325.18	0.00	5.00
1	2325.18	0.39	1.00
1	2325.58	0.00	5.00
1	2325.58	0.40	1.00
1	2325.98	0.00	5.00
1	2325.98	0.39	1.00
1	2326.37	0.00	5.00
1	2326.37	0.40	1.00
1	2326.77	0.00	5.00
1	2326.77	0.40	1.00
1	2327.16	0.00	5.00
1	2327.17	0.40	1.00
1	2327.56	0.00	5.00
1	2327.56	0.40	1.00
1	2327.96	0.00	5.00
1	2327.96	0.41	1.00
1	2328.37	0.00	5.00
1	2328.37	0.40	1.00
1	2328.77	0.00	5.00
1	2328.77	0.40	1.00
1	2329.17	0.00	5.00
1	2329.17	0.39	1.00
1	2329.56	0.00	5.00
1	2329.56	0.40	1.00
1	2329.96	0.00	5.00
1	2329.96	0.39	1.00
1	2330.35	0.00	5.00
1	2330.35	0.40	1.00
1	2330.75	0.00	5.00
1	2330.75	0.41	1.00
1	2331.15	0.00	5.00
1	2331.15	0.40	1.00
1	2331.55	0.00	5.00
1	2331.55	0.39	1.00
1	2331.94	0.00	5.00
1	2331.94	0.42	1.00
1	2332.37	0.00	5.00
1	2332.37	0.40	1.00
1	2332.77	0.00	5.00
1	2332.77	0.40	1.00
1	2333.17	0.00	5.00
1	2333.17	0.40	1.00
1	2333.56	0.00	5.00
1	2333.56	0.40	1.00
1	2333.96	0.00	5.00
1	2333.96	0.40	1.00
1	2334.36	0.00	5.00
1	2334.36	0.40	1.00
1	2334.75	0.00	5.00
1	2334.75	0.39	1.00
1	2335.15	0.00	5.00
1	2335.15	0.40	1.00
1	2335.54	0.00	5.00
1	2335.54	0.40	1.00
1	2335.94	0.00	5.00
1	2335.94	0.41	1.00
1	2336.36	0.00	5.00
1	2336.36	0.40	1.00
1	2336.76	0.00	5.00
1	2336.76	0.40	1.00
1	2337.15	0.00	5.00
1	2337.15	0.39	1.00
1	2337.55	0.00	5.00
1	2337.55	0.39	1.00
1	2337.94	0.00	5.00
1	2337.94	0.40	1.00
1	2338.34	0.01	5.00
1	2338.35	0.39	1.00
1	2338.74	0.00	5.00
1	2338.74	0.39	1.00
1	2339.13	0.00	5.00
1	2339.13	0.40	1.00
1	2339.53	0.00	5.00
1	2339.53	0.40	1.00
1	2339.93	0.00	5.00
1	2339.93	0.41	1.00
1	2340.33	0.00	5.00
1	2340.34	0.39	1.00
1	2340.73	0.00	5.00
1	2340.73	0.40	1.00
1	2341.13	0.00	5.00
1	2341.13	0.40	1.00
1	2341.52	0.00	5.00
1	2341.53	0.40	1.00
1	2341.92	0.00	5.00
1	2341.92	0.40	1.00
1	2342.32	0.00	5.00
1	2342.32	0.39	1.00
1	2342.72	0.00	5.00
1	2342.72	0.40	1.00
1	2343.11	0.00	5.00
1	2343.12	0.40	1.00
1	2343.51	0.00	5.00
1	2343.51	0.39	1.00
1	2343.90	0.00	5.00
1	2343.91	0.43	1.00
1	2344.33	0.00	5.00
1	2344.34	0.39	1.00
1	2344.73	0.00	5.00
1	2344.73	0.39	1.00
1	2345.12	0.00	5.00
1	2345.12	0.39	1.00
1	2345.52	0.01	5.00
1	2345.53	0.40	1.00
1	2345.92	0.00	5.00
1	2345.92	0.40	1.00
1	2346.32	0.00	5.00
1	2346.32	0.40	1.00
1	2346.72	0.00	5.00
1	2346.72	0.40	1.00
1	2347.13	0.00	5.00
1	2347.13	0.39	1.00
1	2347.52	0.00	5.00
1	2347.52	0.40	1.00
1	2347.92	0.00	5.00
1	2347.92	0.40	1.00
1	2348.32	0.00	5.00
1	2348.32	0.40	1.00
1	2348.72	0.00	5.00
1	2348.72	0.39	1.00
1	2349.11	0.00	5.00
1	2349.12	0.40	1.00
1	2349.51	0.00	5.00
1	2349.51	0.39	1.00
1	2349.91	0.00	5.00
1	2349.91	0.39	1.00
1	2350.30	0.00	5.00
1	2350.30	0.40	1.00
1	2350.70	0.00	5.00
1	2350.70	0.40	1.00
1	2351.10	0.00	5.00
1	2351.10	0.40	1.00
1	2351.50	0.00	5.00
1	2351.50	0.40	1.00
1	2351.90	0.00	5.00
1	2351.90	0.40	1.00
1	2352.30	0.00	5.00
1	2352.30	0.40	1.00
1	2352.70	0.00	5.00
1	2352.70	0.40	1.00
1	2353.10	0.00	5.00
1	2353.11	0.40	1.00
1	2353.50	0.00	5.00
1	2353.50	0.40	1.00
1	2353.90	0.00	5.00
1	2353.90	0.40	1.00
1	2354.30	0.00	5.00
1	2354.30	0.39	1.00
1	2354.70	0.00	5.00
1	2354.70	0.40	1.00
1	2355.09	0.00	5.00
1	2355.09	0.39	1.00
1	2355.49	0.00	5.00
1	2355.49	0.40	1.00
1	2355.88	0.00	5.00
1	2355.88	0.43	1.00
1	2356.31	0.00	5.00
1	2356.31	0.40	1.00
1	2356.71	0.00	5.00
1	2356.71	0.40	1.00
1	2357.11	0.00	5.00
1	2357.11	0.40	1.00
1	2357.51	0.00	5.00
1	2357.51	0.39	1.00
1	2357.90	0.00	5.00
1	2357.90	0.40	1.00
1	2358.30	0.00	5.00
1	2358.30	0.40	1.00
1	2358.70	0.00	5.00
1	2358.70	0.40	1.00
1	2359.09	0.00	5.00
1	2359.09	0.39	1.00
1	2359.49	0.00	5.00
1	2359.49	0.39	1.00
1	2359.88	0.00	5.00
1	2359.88	0.42	1.00
1	2360.31	0.00	5.00
1	2360.31	0.40	1.00
1	2360.70	0.00	5.00
1	2360.70	0.40	1.00
1	2361.10	0.00	5.00
1	2361.10	0.40	1.00
1	2361.50	0.00	5.00
1	2361.50	0.40	1.00
1	2361.90	0.00	5.00
1	2361.90	0.39	1.00
1	2362.29	0.00	5.00
1	2362.29	0.40	1.00
1	2362.69	0.00	5.00
1	2362.69	0.39	1.00
1	2363.09	0.00	5.00
1	2363.09	0.40	1.00
1	2363.48	0.00	5.00
1	2363.48	0.40	1.00
1	2363.88	0.00	5.00
1	2363.88	0.41	1.00
1	2364.29	0.00	5.00
1	2364.29	0.39	1.00
1	2364.68	0.00	5.00
1	2364.68	0.40	1.00
1	2365.08	0.00	5.00
1	2365.08	0.40	1.00
1	2365.48	0.00	5.00
1	2365.48	0.40	1.00
1	2365.87	0.00	5.00
1	2365.88	0.39	1.00
1	2366.27	0.00	5.00
1	2366.27	0.00	1.00
1	2366.27	0.01	7.00
1	2366.28	18.00	1.00
1	2384.28	0.27	12.00
1	2384.55	0.00	1.00
